[20:59:43] [main/INFO]: ModLauncher running: args [--username, mangboong, --version, forge-47.4.10, --gameDir, C:\Users\Administrator\curseforge\minecraft\Instances\____ ___ (1), --assetsDir, C:\Users\Administrator\curseforge\minecraft\Install\assets, --assetIndex, 5, --uuid, 74c6e0c4cc5e48b19d3a837c8a5c89ef, --accessToken, ????????, --clientId, 7056e0-80ce19-1ebad2-b680bb-924968, --xuid, 2535431901294727, --userType, msa, --versionType, release, --width, 1024, --height, 768, --quickPlayPath, C:\Users\Administrator\curseforge\minecraft\Quickplay\3b18676a-eb02-46a7-af46-535ecd6d600d.json, --launchTarget, forgeclient, --fml.forgeVersion, 47.4.10, --fml.mcVersion, 1.20.1, --fml.forgeGroup, net.minecraftforge, --fml.mcpVersion, 20230612.114412]
[20:59:43] [main/INFO]: ModLauncher 10.0.9+10.0.9+main.dcd20f30 starting: java version 17.0.8 by Eclipse Adoptium; OS Windows 11 arch amd64 version 10.0
[20:59:44] [main/INFO]: Loading ImmediateWindowProvider fmlearlywindow
[20:59:44] [main/INFO]: Trying GL version 4.6
[20:59:45] [main/INFO]: Requested GL version 4.6 got version 4.6
[20:59:45] [main/INFO]: SpongePowered MIXIN Subsystem Version=0.8.5 Source=union:/C:/Users/Administrator/curseforge/minecraft/Install/libraries/org/spongepowered/mixin/0.8.5/mixin-0.8.5.jar%23100!/ Service=ModLauncher Env=CLIENT
[20:59:45] [pool-2-thread-1/INFO]: GL info: NVIDIA GeForce RTX 3060 Ti/PCIe/SSE2 GL version 4.6.0 NVIDIA 595.79, NVIDIA Corporation
[20:59:45] [main/INFO]: Found mod file AmbientSounds_FORGE_v6.3.8_mc1.20.1.jar of type MOD with provider {mods folder locator at C:\Users\Administrator\curseforge\minecraft\Instances\____ ___ (1)\mods}
[20:59:45] [main/INFO]: Found mod file another_furniture-forge-1.20.1-3.0.4.jar of type MOD with provider {mods folder locator at C:\Users\Administrator\curseforge\minecraft\Instances\____ ___ (1)\mods}
[20:59:45] [main/INFO]: Found mod file appleskin-forge-mc1.20.1-2.5.1.jar of type MOD with provider {mods folder locator at C:\Users\Administrator\curseforge\minecraft\Instances\____ ___ (1)\mods}
[20:59:45] [main/INFO]: Found mod file architectury-9.2.14-forge.jar of type MOD with provider {mods folder locator at C:\Users\Administrator\curseforge\minecraft\Instances\____ ___ (1)\mods}
[20:59:45] [main/INFO]: Found mod file armourersworkshop-forge-1.20.1-3.4.0-beta.3.jar of type MOD with provider {mods folder locator at C:\Users\Administrator\curseforge\minecraft\Instances\____ ___ (1)\mods}
[20:59:45] [main/INFO]: Found mod file artifacts-forge-9.5.19.jar of type MOD with provider {mods folder locator at C:\Users\Administrator\curseforge\minecraft\Instances\____ ___ (1)\mods}
[20:59:45] [main/INFO]: Found mod file balm-forge-1.20.1-7.3.41-all.jar of type MOD with provider {mods folder locator at C:\Users\Administrator\curseforge\minecraft\Instances\____ ___ (1)\mods}
[20:59:45] [main/INFO]: Found mod file bettercombat-forge-1.9.0+1.20.1.jar of type MOD with provider {mods folder locator at C:\Users\Administrator\curseforge\minecraft\Instances\____ ___ (1)\mods}
[20:59:45] [main/INFO]: Found mod file carryon-forge-1.20.1-2.1.2.7.jar of type MOD with provider {mods folder locator at C:\Users\Administrator\curseforge\minecraft\Instances\____ ___ (1)\mods}
[20:59:45] [main/INFO]: Found mod file cfm-forge-1.20.1-7.0.0-pre36.jar of type MOD with provider {mods folder locator at C:\Users\Administrator\curseforge\minecraft\Instances\____ ___ (1)\mods}
[20:59:45] [main/INFO]: Found mod file chat_heads-0.15.2-forge-1.20.jar of type MOD with provider {mods folder locator at C:\Users\Administrator\curseforge\minecraft\Instances\____ ___ (1)\mods}
[20:59:45] [main/INFO]: Found mod file cloth-config-11.1.136-forge.jar of type MOD with provider {mods folder locator at C:\Users\Administrator\curseforge\minecraft\Instances\____ ___ (1)\mods}
[20:59:45] [main/INFO]: Found mod file Clumps-forge-1.20.1-12.0.0.4.jar of type MOD with provider {mods folder locator at C:\Users\Administrator\curseforge\minecraft\Instances\____ ___ (1)\mods}
[20:59:45] [main/INFO]: Found mod file cpm-svc-compat-1.3.1.jar of type MOD with provider {mods folder locator at C:\Users\Administrator\curseforge\minecraft\Instances\____ ___ (1)\mods}
[20:59:45] [main/INFO]: Found mod file CreativeCore_FORGE_v2.12.39_mc1.20.1.jar of type MOD with provider {mods folder locator at C:\Users\Administrator\curseforge\minecraft\Instances\____ ___ (1)\mods}
[20:59:45] [main/INFO]: Found mod file curios-forge-5.14.1+1.20.1.jar of type MOD with provider {mods folder locator at C:\Users\Administrator\curseforge\minecraft\Instances\____ ___ (1)\mods}
[20:59:45] [main/INFO]: Found mod file CustomPlayerModels-1.20-0.6.27a.jar of type MOD with provider {mods folder locator at C:\Users\Administrator\curseforge\minecraft\Instances\____ ___ (1)\mods}
[20:59:45] [main/INFO]: Found mod file dawnoftimebuilder-forge-1.20.1-1.5.52.jar of type MOD with provider {mods folder locator at C:\Users\Administrator\curseforge\minecraft\Instances\____ ___ (1)\mods}
[20:59:45] [main/INFO]: Found mod file embeddium-0.3.31+mc1.20.1.jar of type MOD with provider {mods folder locator at C:\Users\Administrator\curseforge\minecraft\Instances\____ ___ (1)\mods}
[20:59:45] [main/INFO]: Found mod file FarmersDelight-1.20.1-1.3.2.jar of type MOD with provider {mods folder locator at C:\Users\Administrator\curseforge\minecraft\Instances\____ ___ (1)\mods}
[20:59:45] [main/INFO]: Found mod file fetzisasiandeco-forge-1.8.0-1.20.1.jar of type MOD with provider {mods folder locator at C:\Users\Administrator\curseforge\minecraft\Instances\____ ___ (1)\mods}
[20:59:45] [main/INFO]: Found mod file framework-forge-1.20.1-0.8.0.jar of type MOD with provider {mods folder locator at C:\Users\Administrator\curseforge\minecraft\Instances\____ ___ (1)\mods}
[20:59:45] [main/INFO]: Found mod file furnitury-3.0707-forge-1.20.1.jar of type MOD with provider {mods folder locator at C:\Users\Administrator\curseforge\minecraft\Instances\____ ___ (1)\mods}
[20:59:45] [main/INFO]: Found mod file fusion-1.3.8-forge-mc1.20.1.jar of type MOD with provider {mods folder locator at C:\Users\Administrator\curseforge\minecraft\Instances\____ ___ (1)\mods}
[20:59:45] [main/INFO]: Found mod file geckolib-forge-1.20.1-4.8.4.jar of type MOD with provider {mods folder locator at C:\Users\Administrator\curseforge\minecraft\Instances\____ ___ (1)\mods}
[20:59:45] [main/INFO]: Found mod file handcrafted-forge-1.20.1-3.0.6.jar of type MOD with provider {mods folder locator at C:\Users\Administrator\curseforge\minecraft\Instances\____ ___ (1)\mods}
[20:59:45] [main/INFO]: Found mod file jei-1.20.1-forge-15.20.0.134.jar of type MOD with provider {mods folder locator at C:\Users\Administrator\curseforge\minecraft\Instances\____ ___ (1)\mods}
[20:59:45] [main/INFO]: Found mod file JustEnoughResources-1.20.1-1.4.0.247.jar of type MOD with provider {mods folder locator at C:\Users\Administrator\curseforge\minecraft\Instances\____ ___ (1)\mods}
[20:59:45] [main/INFO]: Found mod file koreanpatch-forge-1.9.6+mc1.20.1.jar of type MOD with provider {mods folder locator at C:\Users\Administrator\curseforge\minecraft\Instances\____ ___ (1)\mods}
[20:59:45] [main/INFO]: Found mod file kubejs-forge-2001.6.5-build.26.jar of type MOD with provider {mods folder locator at C:\Users\Administrator\curseforge\minecraft\Instances\____ ___ (1)\mods}
[20:59:45] [main/INFO]: Found mod file letsdo-bakery-forge-2.0.6.jar of type MOD with provider {mods folder locator at C:\Users\Administrator\curseforge\minecraft\Instances\____ ___ (1)\mods}
[20:59:45] [main/INFO]: Found mod file letsdo-farm_and_charm-forge-1.0.14.jar of type MOD with provider {mods folder locator at C:\Users\Administrator\curseforge\minecraft\Instances\____ ___ (1)\mods}
[20:59:45] [main/INFO]: Found mod file letsdo-vinery-forge-1.4.41.jar of type MOD with provider {mods folder locator at C:\Users\Administrator\curseforge\minecraft\Instances\____ ___ (1)\mods}
[20:59:45] [main/INFO]: Found mod file mcw-doors-1.1.5-mc1.20.1forge.jar of type MOD with provider {mods folder locator at C:\Users\Administrator\curseforge\minecraft\Instances\____ ___ (1)\mods}
[20:59:45] [main/INFO]: Found mod file MOAdecor ART 1.20.1.jar of type MOD with provider {mods folder locator at C:\Users\Administrator\curseforge\minecraft\Instances\____ ___ (1)\mods}
[20:59:45] [main/INFO]: Found mod file MOAdecor BATH 1.20.1.jar of type MOD with provider {mods folder locator at C:\Users\Administrator\curseforge\minecraft\Instances\____ ___ (1)\mods}
[20:59:45] [main/INFO]: Found mod file MOAdecor GARDEN 1.20.1.jar of type MOD with provider {mods folder locator at C:\Users\Administrator\curseforge\minecraft\Instances\____ ___ (1)\mods}
[20:59:45] [main/INFO]: Found mod file MOAdecor HOLIDAYS 1.20.1.jar of type MOD with provider {mods folder locator at C:\Users\Administrator\curseforge\minecraft\Instances\____ ___ (1)\mods}
[20:59:45] [main/INFO]: Found mod file MOAdecor LIGHTS 1.20.1.jar of type MOD with provider {mods folder locator at C:\Users\Administrator\curseforge\minecraft\Instances\____ ___ (1)\mods}
[20:59:45] [main/INFO]: Found mod file MOAdecor SCIENCE 1.20.1.jar of type MOD with provider {mods folder locator at C:\Users\Administrator\curseforge\minecraft\Instances\____ ___ (1)\mods}
[20:59:45] [main/INFO]: Found mod file modernfix-forge-5.26.2+mc1.20.1.jar of type MOD with provider {mods folder locator at C:\Users\Administrator\curseforge\minecraft\Instances\____ ___ (1)\mods}
[20:59:45] [main/INFO]: Found mod file modernfix-forge-5.27.66+mc1.20.1.jar of type MOD with provider {mods folder locator at C:\Users\Administrator\curseforge\minecraft\Instances\____ ___ (1)\mods}
[20:59:45] [main/INFO]: Found mod file moonlight-1.20-2.16.34-forge.jar of type MOD with provider {mods folder locator at C:\Users\Administrator\curseforge\minecraft\Instances\____ ___ (1)\mods}
[20:59:45] [main/INFO]: Found mod file nfm-2026.01.30-1.20.1.jar of type MOD with provider {mods folder locator at C:\Users\Administrator\curseforge\minecraft\Instances\____ ___ (1)\mods}
[20:59:45] [main/INFO]: Found mod file oculus-mc1.20.1-1.8.0.jar of type MOD with provider {mods folder locator at C:\Users\Administrator\curseforge\minecraft\Instances\____ ___ (1)\mods}
[20:59:45] [main/INFO]: Found mod file player-animation-lib-forge-1.0.2-rc1+1.20.jar of type MOD with provider {mods folder locator at C:\Users\Administrator\curseforge\minecraft\Instances\____ ___ (1)\mods}
[20:59:45] [main/INFO]: Found mod file playeranimatorapi-forge-1.20.1-2.1.7.jar of type MOD with provider {mods folder locator at C:\Users\Administrator\curseforge\minecraft\Instances\____ ___ (1)\mods}
[20:59:45] [main/INFO]: Found mod file playeremotes-forge-1.20.1-0.1.1.jar of type MOD with provider {mods folder locator at C:\Users\Administrator\curseforge\minecraft\Instances\____ ___ (1)\mods}
[20:59:45] [main/INFO]: Found mod file probejs-6.0.1-forge.jar of type MOD with provider {mods folder locator at C:\Users\Administrator\curseforge\minecraft\Instances\____ ___ (1)\mods}
[20:59:45] [main/INFO]: Found mod file redeco-1.14.1-forge-1.20.1.jar of type MOD with provider {mods folder locator at C:\Users\Administrator\curseforge\minecraft\Instances\____ ___ (1)\mods}
[20:59:45] [main/INFO]: Found mod file refurbished_furniture-forge-1.20.1-1.0.20.jar of type MOD with provider {mods folder locator at C:\Users\Administrator\curseforge\minecraft\Instances\____ ___ (1)\mods}
[20:59:45] [main/INFO]: Found mod file resourcefullib-forge-1.20.1-2.1.29.jar of type MOD with provider {mods folder locator at C:\Users\Administrator\curseforge\minecraft\Instances\____ ___ (1)\mods}
[20:59:45] [main/INFO]: Found mod file rhino-forge-2001.2.3-build.10.jar of type MOD with provider {mods folder locator at C:\Users\Administrator\curseforge\minecraft\Instances\____ ___ (1)\mods}
[20:59:45] [main/INFO]: Found mod file sophisticatedcore-1.20.1-1.3.70.2166.jar of type MOD with provider {mods folder locator at C:\Users\Administrator\curseforge\minecraft\Instances\____ ___ (1)\mods}
[20:59:45] [main/INFO]: Found mod file sound-physics-remastered-forge-1.20.1-1.5.1.jar of type MOD with provider {mods folder locator at C:\Users\Administrator\curseforge\minecraft\Instances\____ ___ (1)\mods}
[20:59:45] [main/INFO]: Found mod file traditional_korean_food_mod-1.0.0-forge-1.20.1.jar of type MOD with provider {mods folder locator at C:\Users\Administrator\curseforge\minecraft\Instances\____ ___ (1)\mods}
[20:59:45] [main/INFO]: Found mod file voicechat-forge-1.20.1-2.6.11.jar of type MOD with provider {mods folder locator at C:\Users\Administrator\curseforge\minecraft\Instances\____ ___ (1)\mods}
[20:59:45] [main/INFO]: Found mod file voicechat-forge-1.20.1-2.6.20.jar of type MOD with provider {mods folder locator at C:\Users\Administrator\curseforge\minecraft\Instances\____ ___ (1)\mods}
[20:59:45] [main/INFO]: Found mod file worldedit-mod-7.2.15.jar of type MOD with provider {mods folder locator at C:\Users\Administrator\curseforge\minecraft\Instances\____ ___ (1)\mods}
[20:59:45] [main/WARN]: Mod file C:\Users\Administrator\curseforge\minecraft\Install\libraries\net\minecraftforge\fmlcore\1.20.1-47.4.10\fmlcore-1.20.1-47.4.10.jar is missing mods.toml file
[20:59:45] [main/WARN]: Mod file C:\Users\Administrator\curseforge\minecraft\Install\libraries\net\minecraftforge\javafmllanguage\1.20.1-47.4.10\javafmllanguage-1.20.1-47.4.10.jar is missing mods.toml file
[20:59:45] [main/WARN]: Mod file C:\Users\Administrator\curseforge\minecraft\Install\libraries\net\minecraftforge\lowcodelanguage\1.20.1-47.4.10\lowcodelanguage-1.20.1-47.4.10.jar is missing mods.toml file
[20:59:45] [main/WARN]: Mod file C:\Users\Administrator\curseforge\minecraft\Install\libraries\net\minecraftforge\mclanguage\1.20.1-47.4.10\mclanguage-1.20.1-47.4.10.jar is missing mods.toml file
[20:59:45] [main/INFO]: Found mod file fmlcore-1.20.1-47.4.10.jar of type LIBRARY with provider net.minecraftforge.fml.loading.moddiscovery.MinecraftLocator@6ea94d6a
[20:59:45] [main/INFO]: Found mod file javafmllanguage-1.20.1-47.4.10.jar of type LANGPROVIDER with provider net.minecraftforge.fml.loading.moddiscovery.MinecraftLocator@6ea94d6a
[20:59:45] [main/INFO]: Found mod file lowcodelanguage-1.20.1-47.4.10.jar of type LANGPROVIDER with provider net.minecraftforge.fml.loading.moddiscovery.MinecraftLocator@6ea94d6a
[20:59:45] [main/INFO]: Found mod file mclanguage-1.20.1-47.4.10.jar of type LANGPROVIDER with provider net.minecraftforge.fml.loading.moddiscovery.MinecraftLocator@6ea94d6a
[20:59:45] [main/INFO]: Found mod file client-1.20.1-20230612.114412-srg.jar of type MOD with provider net.minecraftforge.fml.loading.moddiscovery.MinecraftLocator@6ea94d6a
[20:59:45] [main/INFO]: Found mod file forge-1.20.1-47.4.10-universal.jar of type MOD with provider net.minecraftforge.fml.loading.moddiscovery.MinecraftLocator@6ea94d6a
[20:59:45] [main/INFO]: Found 15 dependencies adding them to mods collection
[20:59:45] [main/INFO]: Found mod file MixinSquared-0.1.1.jar of type GAMELIBRARY with provider net.minecraftforge.fml.loading.moddiscovery.JarInJarDependencyLocator@203c20cf
[20:59:45] [main/INFO]: Found mod file kuma-api-forge-20.1.12+1.20.1.jar of type MOD with provider net.minecraftforge.fml.loading.moddiscovery.JarInJarDependencyLocator@203c20cf
[20:59:45] [main/INFO]: Found mod file mixinextras-forge-0.2.0-beta.6.jar of type GAMELIBRARY with provider net.minecraftforge.fml.loading.moddiscovery.JarInJarDependencyLocator@203c20cf
[20:59:45] [main/INFO]: Found mod file MixinExtras-0.5.0.jar of type GAMELIBRARY with provider net.minecraftforge.fml.loading.moddiscovery.JarInJarDependencyLocator@203c20cf
[20:59:45] [main/INFO]: Found mod file mixinsquared-forge-0.1.1.jar of type GAMELIBRARY with provider net.minecraftforge.fml.loading.moddiscovery.JarInJarDependencyLocator@203c20cf
[20:59:45] [main/INFO]: Found mod file mixinextras-forge-0.5.0.jar of type GAMELIBRARY with provider net.minecraftforge.fml.loading.moddiscovery.JarInJarDependencyLocator@203c20cf
[20:59:45] [main/INFO]: Found mod file javaparser-symbol-solver-core-3.25.8.jar of type GAMELIBRARY with provider net.minecraftforge.fml.loading.moddiscovery.JarInJarDependencyLocator@203c20cf
[20:59:45] [main/INFO]: Found mod file yabn-1.0.3.jar of type GAMELIBRARY with provider net.minecraftforge.fml.loading.moddiscovery.JarInJarDependencyLocator@203c20cf
[20:59:45] [main/INFO]: Found mod file mclib-20.jar of type GAMELIBRARY with provider net.minecraftforge.fml.loading.moddiscovery.JarInJarDependencyLocator@203c20cf
[20:59:45] [main/INFO]: Found mod file zigysmultiloaderutils-forge-1.20.1-1.3.1.jar of type MOD with provider net.minecraftforge.fml.loading.moddiscovery.JarInJarDependencyLocator@203c20cf
[20:59:45] [main/INFO]: Found mod file expandability-forge-9.0.4.jar of type MOD with provider net.minecraftforge.fml.loading.moddiscovery.JarInJarDependencyLocator@203c20cf
[20:59:45] [main/INFO]: Found mod file bytecodecs-1.0.2.jar of type GAMELIBRARY with provider net.minecraftforge.fml.loading.moddiscovery.JarInJarDependencyLocator@203c20cf
[20:59:45] [main/INFO]: Found mod file Java-WebSocket-1.5.6.jar of type GAMELIBRARY with provider net.minecraftforge.fml.loading.moddiscovery.JarInJarDependencyLocator@203c20cf
[20:59:45] [main/INFO]: Found mod file vineflower-1.9.3.jar of type GAMELIBRARY with provider net.minecraftforge.fml.loading.moddiscovery.JarInJarDependencyLocator@203c20cf
[20:59:45] [main/INFO]: Found mod file jcpp-1.4.14.jar of type GAMELIBRARY with provider net.minecraftforge.fml.loading.moddiscovery.JarInJarDependencyLocator@203c20cf
[20:59:48] [main/INFO]: Compatibility level set to JAVA_17
[20:59:48] [main/INFO]: Successfully loaded Mixin Connector [com.sonicether.soundphysics.MixinConnector]
[20:59:48] [main/INFO]: Launching target 'forgeclient' with arguments [--version, forge-47.4.10, --gameDir, C:\Users\Administrator\curseforge\minecraft\Instances\____ ___ (1), --assetsDir, C:\Users\Administrator\curseforge\minecraft\Install\assets, --uuid, 74c6e0c4cc5e48b19d3a837c8a5c89ef, --username, mangboong, --assetIndex, 5, --accessToken, ????????, --clientId, 7056e0-80ce19-1ebad2-b680bb-924968, --xuid, 2535431901294727, --userType, msa, --versionType, release, --width, 1024, --height, 768, --quickPlayPath, C:\Users\Administrator\curseforge\minecraft\Quickplay\3b18676a-eb02-46a7-af46-535ecd6d600d.json]
[20:59:48] [main/INFO]: Loaded configuration file for ModernFix 5.27.66+mc1.20.1: 110 options available, 0 override(s) found
[20:59:48] [main/INFO]: Applying Nashorn fix
[20:59:48] [main/INFO]: Applied Forge config corruption patch
[20:59:48] [main/INFO]: Configuring Minecraft's max.bg.threads option with 9 threads
[20:59:48] [main/WARN]: Reference map '' for chat_heads.forge.mixins.json could not be read. If this is a development environment you can ignore this message
[20:59:48] [main/INFO]: Loaded configuration file for Embeddium: 109 options available, 3 override(s) found
[20:59:48] [main/INFO]: Searching for graphics cards...
[20:59:49] [main/INFO]: Found graphics card: GraphicsAdapterInfo[vendor=NVIDIA, name=NVIDIA GeForce RTX 3060 Ti, version=DriverVersion=32.0.15.9579]
[20:59:49] [main/WARN]: Embeddium has applied one or more workarounds to prevent crashes or other issues on your system: [NVIDIA_THREADED_OPTIMIZATIONS]
[20:59:49] [main/WARN]: This is not necessarily an issue, but it may result in certain features or optimizations being disabled. You can sometimes fix these issues by upgrading your graphics driver.
[20:59:49] [main/WARN]: Reference map 'handcrafted-forge-1.20.1-forge-refmap.json' for handcrafted.mixins.json could not be read. If this is a development environment you can ignore this message
[20:59:49] [main/WARN]: Reference map 'zigysmultiloaderutils-common-1.20.1-common-refmap.json' for zigysmultiloaderutils-common.mixins.json could not be read. If this is a development environment you can ignore this message
[20:59:49] [main/WARN]: Reference map 'probejs-forge-refmap.json' for probejs.mixins.json could not be read. If this is a development environment you can ignore this message
[20:59:50] [main/WARN]: Error loading class: com/ultramega/showcaseitem/ShowcaseItemFeature (java.lang.ClassNotFoundException: com.ultramega.showcaseitem.ShowcaseItemFeature)
[20:59:50] [main/WARN]: Error loading class: fuzs/easyanvils/client/gui/components/OpenEditBox (java.lang.ClassNotFoundException: fuzs.easyanvils.client.gui.components.OpenEditBox)
[20:59:50] [main/WARN]: @Mixin target fuzs.easyanvils.client.gui.components.OpenEditBox was not found koreanpatch.forge.mixins.json:mods.easy_anvils.FormattableEditBoxMixin
[20:59:50] [main/WARN]: Error loading class: fuzs/easyanvils/client/gui/screens/inventory/NameTagEditScreen (java.lang.ClassNotFoundException: fuzs.easyanvils.client.gui.screens.inventory.NameTagEditScreen)
[20:59:50] [main/WARN]: @Mixin target fuzs.easyanvils.client.gui.screens.inventory.NameTagEditScreen was not found koreanpatch.forge.mixins.json:mods.easy_anvils.NameTagEditScreenMixin
[20:59:50] [main/WARN]: Error loading class: me/shedaniel/rei/impl/client/gui/widget/search/OverlaySearchField (java.lang.ClassNotFoundException: me.shedaniel.rei.impl.client.gui.widget.search.OverlaySearchField)
[20:59:50] [main/WARN]: @Mixin target me.shedaniel.rei.impl.client.gui.widget.search.OverlaySearchField was not found koreanpatch.forge.mixins.json:mods.rei.OverlaySearchFieldMixin
[20:59:50] [main/WARN]: Error loading class: xaero/common/gui/GuiAddWaypoint (java.lang.ClassNotFoundException: xaero.common.gui.GuiAddWaypoint)
[20:59:50] [main/WARN]: @Mixin target xaero.common.gui.GuiAddWaypoint was not found koreanpatch.forge.mixins.json:mods.xaeros.minimap.GuiAddWaypointMixin
[20:59:50] [main/WARN]: Error loading class: mekanism/client/render/entity/RenderFlame (java.lang.ClassNotFoundException: mekanism.client.render.entity.RenderFlame)
[20:59:50] [main/WARN]: Error loading class: mekanism/client/render/armor/MekaSuitArmor (java.lang.ClassNotFoundException: mekanism.client.render.armor.MekaSuitArmor)
[20:59:50] [main/INFO]: Resolve kubejs version: 2001.6.5-build.26
[20:59:50] [main/INFO]: Resolve roughlyenoughitems version: null
[20:59:50] [main/INFO]: Resolve replaymod version: null
[20:59:50] [main/INFO]: Resolve curios version: 5.14.1+1.20.1
[20:59:50] [main/INFO]: Resolve accessories version: null
[20:59:50] [main/INFO]: Resolve epicfight version: null
[20:59:50] [main/INFO]: Resolve tacz version: null
[20:59:50] [main/INFO]: Resolve ryoamiclights version: null
[20:59:50] [main/INFO]: Resolve lambdynlights version: null
[20:59:50] [main/INFO]: Resolve sodiumdynamiclights version: null
[20:59:50] [main/INFO]: Resolve backpacked version: null
[20:59:50] [main/INFO]: Resolve travelersbackpack version: null
[20:59:50] [main/INFO]: Resolve sophisticatedbackpacks version: null
[20:59:50] [main/INFO]: Resolve optifine version: null
[20:59:50] [main/INFO]: Resolve iris version: null
[20:59:50] [main/INFO]: Resolve oculus version: 1.8.0
[20:59:50] [main/WARN]: Error loading class: dev/emi/emi/EmiUtil (java.lang.ClassNotFoundException: dev.emi.emi.EmiUtil)
[20:59:50] [main/WARN]: Error loading class: mezz/modnametooltip/TooltipEventHandler (java.lang.ClassNotFoundException: mezz.modnametooltip.TooltipEventHandler)
[20:59:50] [main/WARN]: Error loading class: me/shedaniel/rei/impl/client/ClientHelperImpl (java.lang.ClassNotFoundException: me.shedaniel.rei.impl.client.ClientHelperImpl)
[20:59:50] [main/WARN]: Force-disabling mixin 'features.render.world.sky.WorldRendererMixin' as rule 'mixin.features.render.world.sky' (added by mods [oculus]) disables it and children
[20:59:50] [main/WARN]: Force-disabling mixin 'features.render.world.sky.ClientWorldMixin' as rule 'mixin.features.render.world.sky' (added by mods [oculus]) disables it and children
[20:59:50] [main/WARN]: Force-disabling mixin 'features.render.world.sky.BackgroundRendererMixin' as rule 'mixin.features.render.world.sky' (added by mods [oculus]) disables it and children
[20:59:50] [main/WARN]: Force-disabling mixin 'features.render.gui.font.GlyphRendererMixin' as rule 'mixin.features.render.gui.font' (added by mods [oculus]) disables it and children
[20:59:50] [main/WARN]: Force-disabling mixin 'features.render.gui.font.FontSetMixin' as rule 'mixin.features.render.gui.font' (added by mods [oculus]) disables it and children
[20:59:50] [main/WARN]: Force-disabling mixin 'features.render.entity.shadows.EntityRenderDispatcherMixin' as rule 'mixin.features.render.entity' (added by mods [oculus]) disables it and children
[20:59:50] [main/WARN]: Force-disabling mixin 'features.render.entity.remove_streams.ModelPartMixin' as rule 'mixin.features.render.entity' (added by mods [oculus]) disables it and children
[20:59:50] [main/WARN]: Force-disabling mixin 'features.render.entity.remove_streams.HierarchicalModelMixin' as rule 'mixin.features.render.entity' (added by mods [oculus]) disables it and children
[20:59:50] [main/WARN]: Force-disabling mixin 'features.render.entity.fast_render.ModelPartMixin' as rule 'mixin.features.render.entity' (added by mods [oculus]) disables it and children
[20:59:50] [main/WARN]: Force-disabling mixin 'features.render.entity.fast_render.CuboidMixin' as rule 'mixin.features.render.entity' (added by mods [oculus]) disables it and children
[20:59:50] [main/WARN]: Force-disabling mixin 'features.render.entity.cull.EntityRendererMixin' as rule 'mixin.features.render.entity' (added by mods [oculus]) disables it and children
[20:59:50] [main/INFO]: Initializing MixinExtras via com.llamalad7.mixinextras.service.MixinExtrasServiceImpl(version=0.5.0).
[20:59:51] [main/WARN]: Static binding violation: PRIVATE @Overwrite method m_216202_ in modernfix-modernfix.mixins.json:perf.tag_id_caching.TagOrElementLocationMixin cannot reduce visibiliy of PUBLIC target method, visibility will be upgraded.
[20:59:52] [pool-4-thread-1/INFO]: ModernFix reached bootstrap stage (10.74 s after launch)
[20:59:52] [pool-4-thread-1/WARN]: @Final field delegatesByName:Ljava/util/Map; in modernfix-modernfix.mixins.json:perf.forge_registry_alloc.ForgeRegistryMixin should be final
[20:59:52] [pool-4-thread-1/WARN]: @Final field delegatesByValue:Ljava/util/Map; in modernfix-modernfix.mixins.json:perf.forge_registry_alloc.ForgeRegistryMixin should be final
[20:59:53] [pool-4-thread-1/INFO]: Vanilla bootstrap took 1224 milliseconds
[20:59:55] [pool-4-thread-1/WARN]: @Inject(@At("INVOKE_ASSIGN")) Shift.BY=2 on refurbished_furniture.common.mixins.json:LevelChunkMixin::handler$cfc000$refurbishedFurniture$AfterRemoveBlockEntity exceeds the maximum allowed value: 0. Increase the value of maxShiftBy to suppress this warning.
[20:59:56] [Render thread/WARN]: Assets URL 'union:/C:/Users/Administrator/curseforge/minecraft/Install/libraries/net/minecraft/client/1.20.1-20230612.114412/client-1.20.1-20230612.114412-srg.jar%23274!/assets/.mcassetsroot' uses unexpected schema
[20:59:56] [Render thread/WARN]: Assets URL 'union:/C:/Users/Administrator/curseforge/minecraft/Install/libraries/net/minecraft/client/1.20.1-20230612.114412/client-1.20.1-20230612.114412-srg.jar%23274!/data/.mcassetsroot' uses unexpected schema
[20:59:56] [Render thread/INFO]: Environment: authHost='https://authserver.mojang.com', accountsHost='https://api.mojang.com', sessionHost='https://sessionserver.mojang.com', servicesHost='https://api.minecraftservices.com', name='PROD'
[20:59:57] [Render thread/INFO]: Setting user: mangboong
[20:59:57] [Render thread/INFO]: Bypassed Mojang DFU
[20:59:57] [Render thread/INFO]: Backend library: LWJGL version 3.3.1 build 7
[20:59:57] [Render thread/INFO]: Loaded client.properties
[20:59:57] [Render thread/WARN]: Applying workaround: Prevent the NVIDIA OpenGL driver from using broken optimizations (NVIDIA_THREADED_OPTIMIZATIONS)
[20:59:57] [Render thread/ERROR]: Mod mixin into Embeddium internals detected. This instance is now tainted. The Embeddium team does not provide any guarantee of support for issues encountered while such mods are installed.
[20:59:57] [Render thread/WARN]: Mod(s) [oculus] are modifying Embeddium class me.jellysquid.mods.sodium.client.gui.SodiumGameOptions, which may cause instability.
[20:59:57] [Render thread/INFO]: OpenGL Vendor: NVIDIA Corporation
[20:59:57] [Render thread/INFO]: OpenGL Renderer: NVIDIA GeForce RTX 3060 Ti/PCIe/SSE2
[20:59:57] [Render thread/INFO]: OpenGL Version: 4.6.0 NVIDIA 595.79
[20:59:57] [Render thread/WARN]: Enabling secondary workaround for NVIDIA threaded optimizations
[20:59:57] [Render thread/INFO]: Debug functionality is disabled.
[20:59:57] [Render thread/INFO]: OpenGL 4.5 detected, enabling DSA.
[20:59:58] [Render thread/WARN]: Tried to get boolean value for unknown option: 1 && !RETRO_FILTER, defaulting to true!
[20:59:58] [Render thread/WARN]: Tried to get boolean value for unknown option: 1, defaulting to true!
[20:59:58] [Render thread/WARN]: Tried to get boolean value for unknown option: 1, defaulting to true!
[20:59:58] [Render thread/WARN]: Tried to get boolean value for unknown option: 1, defaulting to true!
[20:59:58] [Render thread/WARN]: Tried to get boolean value for unknown option: 1, defaulting to true!
[20:59:58] [Render thread/WARN]: Tried to get boolean value for unknown option: 1 && !RETRO_FILTER, defaulting to true!
[20:59:58] [Render thread/WARN]: Tried to get boolean value for unknown option: 1 && !RETRO_FILTER, defaulting to true!
[20:59:58] [Render thread/WARN]: Tried to get boolean value for unknown option: 1, defaulting to true!
[20:59:58] [Render thread/WARN]: Tried to get boolean value for unknown option: 1, defaulting to true!
[20:59:58] [Render thread/WARN]: Tried to get boolean value for unknown option: 1 && !RETRO_FILTER, defaulting to true!
[20:59:58] [Render thread/WARN]: Tried to get boolean value for unknown option: 1, defaulting to true!
[20:59:58] [Render thread/WARN]: Tried to get boolean value for unknown option: 1 && !RETRO_FILTER, defaulting to true!
[20:59:58] [Render thread/WARN]: Tried to get boolean value for unknown option: 1 && !RETRO_FILTER, defaulting to true!
[20:59:58] [Render thread/WARN]: Tried to get boolean value for unknown option: 1, defaulting to true!
[20:59:58] [Render thread/INFO]: Profile: HIGH (+0 options changed by user)
[20:59:58] [Render thread/INFO]: Using shaderpack: BSL_v8.4.zip
[20:59:58] [modloading-worker-0/INFO]: Iris detected, enabling iris compatibility
[20:59:58] [modloading-worker-0/INFO]: Registering S2C receiver with id architectury:sync_ids
[20:59:58] [modloading-worker-0/INFO]: Registering C2S receiver with id architectury:sync_ids
[20:59:58] [modloading-worker-0/INFO]: Registering C2S receiver with id artifacts:networking_channel/42a7ad70b1cc371599a0eff744096b8a
[20:59:58] [modloading-worker-0/INFO]: Registering S2C receiver with id artifacts:networking_channel/42a7ad70b1cc371599a0eff744096b8a
[20:59:58] [modloading-worker-0/INFO]: Registering C2S receiver with id artifacts:networking_channel/74a5e841822a3a87854ae896a33430d6
[20:59:58] [modloading-worker-0/INFO]: Registering S2C receiver with id artifacts:networking_channel/74a5e841822a3a87854ae896a33430d6
[20:59:58] [modloading-worker-0/INFO]: Registering C2S receiver with id artifacts:networking_channel/eb3d1e2748533430848cadf0f37c7e9c
[20:59:58] [modloading-worker-0/INFO]: Registering S2C receiver with id artifacts:networking_channel/eb3d1e2748533430848cadf0f37c7e9c
[20:59:58] [modloading-worker-0/INFO]: Registering C2S receiver with id artifacts:networking_channel/91c8520f19f93b3e8b6a727568e194ab
[20:59:58] [modloading-worker-0/INFO]: Registering S2C receiver with id artifacts:networking_channel/91c8520f19f93b3e8b6a727568e194ab
[20:59:58] [modloading-worker-0/INFO]: Registering C2S receiver with id artifacts:networking_channel/8c2784d778293fd482ed84b8aa5fedb9
[20:59:58] [modloading-worker-0/INFO]: Registering S2C receiver with id artifacts:networking_channel/8c2784d778293fd482ed84b8aa5fedb9
[20:59:58] [modloading-worker-0/INFO]: Registering C2S receiver with id artifacts:networking_channel/ea038224ea783d40b2863f52239e2604
[20:59:58] [modloading-worker-0/INFO]: Registering S2C receiver with id artifacts:networking_channel/ea038224ea783d40b2863f52239e2604
[20:59:58] [modloading-worker-0/INFO]: Registering C2S receiver with id artifacts:networking_channel/97ad64b7ecaf33209991c4f031501a58
[20:59:58] [modloading-worker-0/INFO]: Registering S2C receiver with id artifacts:networking_channel/97ad64b7ecaf33209991c4f031501a58
[20:59:59] [modloading-worker-0/INFO]: Forge mod loading, version 47.4.10, for MC 1.20.1 with MCP 20230612.114412
[20:59:59] [modloading-worker-0/INFO]: MinecraftForge v47.4.10 Initialized
[20:59:59] [modloading-worker-0/WARN]: Mod(s) [oculus] are modifying Embeddium class me.jellysquid.mods.sodium.client.gui.SodiumOptionsGUI, which may cause instability.
[20:59:59] [modloading-worker-0/INFO]: Sending ConfigManager...
[20:59:59] [modloading-worker-0/INFO]: Sending ConfigManager took 5.413 ms
[20:59:59] [modloading-worker-0/INFO]: Loaded common.properties
[20:59:59] [modloading-worker-0/INFO]: Loaded dev.properties
[20:59:59] [modloading-worker-0/INFO]: Looking for KubeJS plugins...
[20:59:59] [modloading-worker-0/INFO]: Found plugin source kubejs
[20:59:59] [modloading-worker-0/WARN]: Plugin dev.latvian.mods.kubejs.integration.forge.gamestages.GameStagesIntegration does not have required mod gamestages loaded, skipping
[20:59:59] [modloading-worker-0/INFO]: Found plugin source probejs
[20:59:59] [modloading-worker-0/INFO]: Done in 25.82 ms
[20:59:59] [modloading-worker-0/INFO]: Registering C2S receiver with id bakery:set_sign_text
[20:59:59] [modloading-worker-0/INFO]: Registering C2S receiver with id farm_and_charm:set_text
[20:59:59] [modloading-worker-0/INFO]: Registering S2C receiver with id farm_and_charm:sync_saturation
[20:59:59] [modloading-worker-0/INFO]: ExpandAbility here, who dis?
[20:59:59] [modloading-worker-0/INFO]: Loading Rhino Minecraft remapper...
[20:59:59] [modloading-worker-0/INFO]: Rhino properties loaded.
[20:59:59] [modloading-worker-0/INFO]: Loading mappings for 1.20.1
[21:00:00] [modloading-worker-0/INFO]: Done in 0.132 s
[21:00:00] [modloading-worker-0/INFO]: example.js#5: Hello, World! (Loaded startup scripts)
[21:00:00] [modloading-worker-0/INFO]: Loaded script startup_scripts:example.js in 0.037 s
[21:00:00] [modloading-worker-0/INFO]: Loaded 1/1 KubeJS startup scripts in 0.567 s with 0 errors and 0 warnings
[21:00:00] [modloading-worker-0/INFO]: example.js#5: Hello, World! (Loaded client scripts)
[21:00:00] [modloading-worker-0/INFO]: Loaded script client_scripts:example.js in 0.001 s
[21:00:00] [modloading-worker-0/INFO]: Loaded 1/1 KubeJS client scripts in 0.012 s with 0 errors and 0 warnings
[21:00:00] [modloading-worker-0/INFO]: Registering C2S receiver with id kubejs:send_data_from_client
[21:00:00] [modloading-worker-0/INFO]: Registering S2C receiver with id kubejs:send_data_from_server
[21:00:00] [modloading-worker-0/INFO]: Registering S2C receiver with id kubejs:paint
[21:00:00] [modloading-worker-0/INFO]: Registering S2C receiver with id kubejs:add_stage
[21:00:00] [modloading-worker-0/INFO]: Registering S2C receiver with id kubejs:remove_stage
[21:00:00] [modloading-worker-0/INFO]: Registering S2C receiver with id kubejs:sync_stages
[21:00:00] [modloading-worker-0/INFO]: Registering C2S receiver with id kubejs:first_click
[21:00:00] [modloading-worker-0/INFO]: Registering S2C receiver with id kubejs:toast
[21:00:00] [modloading-worker-0/INFO]: Registering S2C receiver with id kubejs:reload_startup_scripts
[21:00:00] [modloading-worker-0/INFO]: Registering S2C receiver with id kubejs:display_server_errors
[21:00:00] [modloading-worker-0/INFO]: Registering S2C receiver with id kubejs:display_client_errors
[21:00:17] [Render thread/WARN]: Registry entry listened Registry Entry [minecraft:entity_type / vinery:mule] was not realized!
[21:00:17] [Render thread/WARN]: Registry entry listened Registry Entry [minecraft:entity_type / vinery:wandering_winemaker] was not realized!
[21:00:17] [Render thread/WARN]: Registry entry listened Registry Entry [minecraft:entity_type / fetzisasiandeco:koi] was not realized!
[21:00:17] [Render thread/INFO]: Initialized block sets in 15ms
[21:00:17] [Render thread/WARN]: Registry entry listened Registry Entry [minecraft:entity_type / vinery:mule] was not realized!
[21:00:17] [Render thread/WARN]: Registry entry listened Registry Entry [minecraft:entity_type / vinery:wandering_winemaker] was not realized!
[21:00:17] [Render thread/WARN]: Registry entry listened Registry Entry [minecraft:entity_type / fetzisasiandeco:koi] was not realized!
[21:00:17] [Render thread/WARN]: Registry entry listened Registry Entry [minecraft:entity_type / vinery:mule] was not realized!
[21:00:17] [Render thread/WARN]: Registry entry listened Registry Entry [minecraft:entity_type / vinery:wandering_winemaker] was not realized!
[21:00:17] [Render thread/INFO]: Replacing search trees with 'JEI' provider
[21:00:17] [Render thread/WARN]: Missing metadata in pack file/mymusic.zip
[21:00:17] [Render thread/WARN]: Missing metadata in pack file/new font.zip
[21:00:18] [Render thread/INFO]: Hardware information:
[21:00:18] [Render thread/INFO]: CPU: 12x 12th Gen Intel(R) Core(TM) i5-12400F
[21:00:18] [Render thread/INFO]: GPU: NVIDIA GeForce RTX 3060 Ti/PCIe/SSE2 (Supports OpenGL 4.6.0 NVIDIA 595.79)
[21:00:18] [Render thread/INFO]: OS: Windows 11 (10.0)
[21:00:18] [Render thread/WARN]: Mod(s) [oculus] are modifying Embeddium class me.jellysquid.mods.sodium.client.render.vertex.VertexFormatDescriptionImpl, which may cause instability.
[21:00:18] [Render thread/WARN]: Mod(s) [oculus] are modifying Embeddium class me.jellysquid.mods.sodium.client.render.vertex.buffer.SodiumBufferBuilder, which may cause instability.
[21:00:18] [Render thread/WARN]: Mod(s) [oculus] are modifying Embeddium class me.jellysquid.mods.sodium.client.render.SodiumWorldRenderer, which may cause instability.
[21:00:18] [Render thread/INFO]: Reloading ResourceManager: vanilla, mod_resources, Moonlight Mods Dynamic Assets, KubeJS Resource Pack [assets], file/Fusion Connected Glass v1.0.1 for Minecraft 1.20-1.21.8.zip, vinery:bushy_leaves, file/Stay_True_1.20.zip, file/new font
[21:00:18] [Worker-ResourceReload-0/INFO]: Starting runtime resource generation for pack type CLIENT_RESOURCES with generators from mods [moonlight]: [net.mehvahdjukaar.moonlight.core.MoonlightClient$MLDynamicClientResources@4bec7311]
[21:00:18] [Worker-ResourceReload-0/INFO]: Generating runtime assets for pack Moonlight Mods Dynamic Assets (moonlight)
[21:00:18] [Render thread/INFO]: Client resource reload complete!
[21:00:18] [Worker-ResourceReload-0/INFO]: Generated runtime CLIENT_RESOURCES for pack Moonlight Mods Dynamic Assets (moonlight) in: 5 ms (multithreaded)
[21:00:18] [Worker-ResourceReload-0/INFO]: Finished runtime resources generation for 1 packs in a total of 6 ms
[21:00:18] [Worker-ResourceReload-7/INFO]: [voicechat] Compatibility version 20
[21:00:18] [Worker-ResourceReload-8/INFO]: HELLO FROM COMMON SETUP
[21:00:18] [Worker-ResourceReload-8/INFO]: DIRT BLOCK >> minecraft:dirt
[21:00:18] [Worker-ResourceReload-8/INFO]: The magic number is... 42
[21:00:18] [Worker-ResourceReload-8/INFO]: ITEM >> iron_ingot
[21:00:18] [Forge Version Check/INFO]: [clumps] Starting version check at https://updates.blamejared.com/get?n=clumps&gv=1.20.1
[21:00:19] [Worker-ResourceReload-5/INFO]: Customizable Player Models Initialized
[21:00:19] [Worker-ResourceReload-7/INFO]: [voicechat] Loading plugins
[21:00:19] [Worker-ResourceReload-7/INFO]: [voicechat] Loaded 2 plugin(s)
[21:00:19] [Worker-ResourceReload-7/INFO]: [voicechat] Initializing plugins
[21:00:19] [Worker-ResourceReload-7/INFO]: Initializing Simple Voice Chat integration
[21:00:19] [Worker-ResourceReload-7/INFO]: CPM voice chat plugin initialized!
[21:00:19] [Worker-ResourceReload-7/INFO]: [voicechat] Initialized 2 plugin(s)
[21:00:19] [Worker-ResourceReload-7/INFO]: [voicechat] Registering events for 'sound_physics_remastered'
[21:00:19] [Worker-ResourceReload-7/INFO]: [voicechat] Registering events for 'cpmsvcc'
[21:00:19] [Worker-ResourceReload-9/INFO]: Found unifont_all_no_pua-15.0.06.hex, loading
[21:00:19] [Worker-ResourceReload-7/WARN]: Invalid path in datapack: minecraft:textures/block/old iron/iron_door_bottom.png, ignoring
[21:00:19] [Worker-ResourceReload-7/WARN]: Invalid path in datapack: minecraft:textures/block/old iron/iron_door_top.png, ignoring
[21:00:19] [Worker-ResourceReload-7/WARN]: Invalid path in datapack: minecraft:textures/block/old iron/iron_trapdoor.png, ignoring
[21:00:19] [Worker-ResourceReload-7/WARN]: Invalid path in datapack: minecraft:textures/item/cool netherrite/netherite_axe.png, ignoring
[21:00:19] [Worker-ResourceReload-7/WARN]: Invalid path in datapack: minecraft:textures/item/cool netherrite/netherite_boots.png, ignoring
[21:00:19] [Worker-ResourceReload-7/WARN]: Invalid path in datapack: minecraft:textures/item/cool netherrite/netherite_chestplate.png, ignoring
[21:00:19] [Worker-ResourceReload-7/WARN]: Invalid path in datapack: minecraft:textures/item/cool netherrite/netherite_helmet.png, ignoring
[21:00:19] [Worker-ResourceReload-7/WARN]: Invalid path in datapack: minecraft:textures/item/cool netherrite/netherite_hoe.png, ignoring
[21:00:19] [Worker-ResourceReload-7/WARN]: Invalid path in datapack: minecraft:textures/item/cool netherrite/netherite_leggings.png, ignoring
[21:00:19] [Worker-ResourceReload-7/WARN]: Invalid path in datapack: minecraft:textures/item/cool netherrite/netherite_pickaxe.png, ignoring
[21:00:19] [Worker-ResourceReload-7/WARN]: Invalid path in datapack: minecraft:textures/item/cool netherrite/netherite_shovel.png, ignoring
[21:00:19] [Worker-ResourceReload-7/WARN]: Invalid path in datapack: minecraft:textures/item/cool netherrite/netherite_sword.png, ignoring
[21:00:19] [Worker-ResourceReload-7/WARN]: Invalid path in datapack: minecraft:textures/item/cool netherrite/pack.png, ignoring
[21:00:19] [Worker-ResourceReload-7/WARN]: Invalid path in datapack: minecraft:textures/item/cool netherrite/readme.txt, ignoring
[21:00:19] [Worker-ResourceReload-7/WARN]: Invalid path in datapack: minecraft:textures/item/netherite no gold/netherite_boots.png, ignoring
[21:00:19] [Worker-ResourceReload-7/WARN]: Invalid path in datapack: minecraft:textures/item/netherite no gold/netherite_chestplate.png, ignoring
[21:00:19] [Worker-ResourceReload-7/WARN]: Invalid path in datapack: minecraft:textures/item/netherite no gold/netherite_helmet.png, ignoring
[21:00:19] [Worker-ResourceReload-7/WARN]: Invalid path in datapack: minecraft:textures/item/netherite no gold/netherite_leggings.png, ignoring
[21:00:19] [Worker-ResourceReload-5/INFO]: Got request to register class com.sk89q.worldedit.forge.ForgePlatform with WorldEdit [com.sk89q.worldedit.extension.platform.PlatformManager@79c27e9b]
[21:00:19] [Worker-ResourceReload-5/INFO]: WorldEdit for Forge (version 7.2.15+6463-5ca4dff) is loaded
[21:00:19] [Render thread/INFO]: Initialized color sets in 76ms
[21:00:19] [Render thread/INFO]: Registered synced data key refurbished_furniture:lock_yaw for refurbished_furniture:seat
[21:00:20] [Forge Version Check/INFO]: [clumps] Found status: BETA Current: 12.0.0.4 Target: 12.0.0.4
[21:00:20] [Forge Version Check/INFO]: [cpm] Starting version check at https://raw.githubusercontent.com/tom5454/CustomPlayerModels/master/version-check.json
[21:00:20] [Worker-ResourceReload-5/WARN]: Texture armourers_workshop:item/template/horse with size 18x16 limits mip level from 2 to 1
[21:00:20] [Worker-ResourceReload-7/INFO]: Reloading reverb parameters
[21:00:20] [Forge Version Check/INFO]: [cpm] Found status: BETA Current: 0.6.27a Target: 0.6.27a
[21:00:20] [Forge Version Check/INFO]: [mcwdoors] Starting version check at https://raw.githubusercontent.com/sketchmacaw/macawsmods/master/doors.json
[21:00:20] [Forge Version Check/INFO]: [mcwdoors] Found status: AHEAD Current: 1.1.5 Target: null
[21:00:20] [Forge Version Check/INFO]: [forge] Starting version check at https://files.minecraftforge.net/net/minecraftforge/forge/promotions_slim.json
[21:00:20] [Worker-ResourceReload-4/INFO]: libwincocoainput-x64.dll has copied library to native directory.
[21:00:20] [Worker-ResourceReload-7/INFO]: Using Cloth Config GUI
[21:00:20] [Worker-ResourceReload-8/INFO]: [voicechat] Using Cloth Config GUI
[21:00:20] [Worker-ResourceReload-8/INFO]: [voicechat] Initializing Opus
[21:00:20] [Worker-ResourceReload-8/INFO]: [voicechat] Successfully initialized Opus
[21:00:20] [Worker-ResourceReload-8/INFO]: [voicechat] Initializing RNNoise
[21:00:20] [Worker-ResourceReload-4/INFO]: [Native|C] CocoaInput Windows Clang Initializer start. library compiled at  May 13 2026 07:30:35
[21:00:20] [Worker-ResourceReload-8/INFO]: [voicechat] Successfully initialized RNNoise
[21:00:20] [Worker-ResourceReload-8/INFO]: [voicechat] Initializing Speex
[21:00:20] [Worker-ResourceReload-8/INFO]: [voicechat] Successfully initialized Speex
[21:00:20] [Worker-ResourceReload-8/INFO]: [voicechat] Initializing LAME
[21:00:20] [Worker-ResourceReload-8/INFO]: [voicechat] Successfully initialized LAME
[21:00:20] [Worker-ResourceReload-4/INFO]: Korean Patch Loaded
[21:00:20] [Forge Version Check/INFO]: [forge] Found status: UP_TO_DATE Current: 47.4.10 Target: null
[21:00:20] [Forge Version Check/INFO]: [voicechat] Starting version check at https://update.maxhenkel.de/forge/voicechat
[21:00:21] [Forge Version Check/INFO]: [voicechat] Found status: OUTDATED Current: 1.20.1-2.6.20 Target: 1.20.1-2.6.21
[21:00:21] [Forge Version Check/INFO]: [sound_physics_remastered] Starting version check at https://update.maxhenkel.de/forge/sound_physics_remastered
[21:00:21] [Worker-ResourceReload-6/WARN]: Exception loading blockstate definition: 'minecraft:blockstates/cut_sandstone.json' in resourcepack: 'file/Stay_True_1.20.zip' for variant: 'axis=z': Unknown blockstate property: 'axis'
[21:00:21] [Worker-ResourceReload-6/WARN]: Exception loading blockstate definition: 'minecraft:blockstates/cut_sandstone.json' in resourcepack: 'file/Stay_True_1.20.zip' for variant: 'axis=x': Unknown blockstate property: 'axis'
[21:00:21] [Worker-ResourceReload-6/WARN]: Exception loading blockstate definition: 'minecraft:blockstates/cut_sandstone.json' in resourcepack: 'file/Stay_True_1.20.zip' for variant: 'axis=y': Unknown blockstate property: 'axis'
[21:00:22] [Forge Version Check/INFO]: [sound_physics_remastered] Found status: AHEAD Current: 1.20.1-1.5.1 Target: null
[21:00:22] [Forge Version Check/INFO]: [cfm] Starting version check at https://mrcrayfish.com/modupdatejson?id=cfm
[21:00:22] [Forge Version Check/WARN]: Failed to process update information
com.google.gson.JsonSyntaxException: java.lang.IllegalStateException: Expected BEGIN_OBJECT but was STRING at line 1 column 1 path $
	at com.google.gson.Gson.fromJson(Gson.java:1226) ~[gson-2.10.jar%23107!/:?]
	at com.google.gson.Gson.fromJson(Gson.java:1124) ~[gson-2.10.jar%23107!/:?]
	at com.google.gson.Gson.fromJson(Gson.java:1034) ~[gson-2.10.jar%23107!/:?]
	at com.google.gson.Gson.fromJson(Gson.java:969) ~[gson-2.10.jar%23107!/:?]
	at net.minecraftforge.fml.VersionChecker$1.process(VersionChecker.java:186) ~[fmlcore-1.20.1-47.4.10.jar%23275!/:?]
	at java.lang.Iterable.forEach(Unknown Source) ~[?:?]
	at net.minecraftforge.fml.VersionChecker$1.run(VersionChecker.java:117) ~[fmlcore-1.20.1-47.4.10.jar%23275!/:?]
Caused by: java.lang.IllegalStateException: Expected BEGIN_OBJECT but was STRING at line 1 column 1 path $
	at com.google.gson.stream.JsonReader.beginObject(JsonReader.java:393) ~[gson-2.10.jar%23107!/:?]
	at com.google.gson.internal.bind.MapTypeAdapterFactory$Adapter.read(MapTypeAdapterFactory.java:182) ~[gson-2.10.jar%23107!/:?]
	at com.google.gson.internal.bind.MapTypeAdapterFactory$Adapter.read(MapTypeAdapterFactory.java:144) ~[gson-2.10.jar%23107!/:?]
	at com.google.gson.Gson.fromJson(Gson.java:1214) ~[gson-2.10.jar%23107!/:?]
	... 6 more
[21:00:29] [Worker-ResourceReload-6/WARN]: Unable to load model: 'dawnoftimebuilder:patreon_emblem#inventory' referenced from: dawnoftimebuilder:patreon_emblem#inventory: java.io.FileNotFoundException: dawnoftimebuilder:models/item/patreon_emblem.json
[21:00:29] [Worker-ResourceReload-6/WARN]: Unable to load model: 'fetzisasiandeco:decoration_banner#inventory' referenced from: fetzisasiandeco:decoration_banner#inventory: java.io.FileNotFoundException: fetzisasiandeco:models/item/decoration_banner.json
[21:00:29] [Worker-ResourceReload-6/WARN]: Unable to load model: 'fetzisasiandeco:roof_banner#inventory' referenced from: fetzisasiandeco:roof_banner#inventory: java.io.FileNotFoundException: fetzisasiandeco:models/item/roof_banner.json
[21:00:29] [Worker-ResourceReload-6/WARN]: Unable to load model: 'fetzisasiandeco:building_blocks_banner#inventory' referenced from: fetzisasiandeco:building_blocks_banner#inventory: java.io.FileNotFoundException: fetzisasiandeco:models/item/building_blocks_banner.json
[21:00:29] [Worker-ResourceReload-6/WARN]: Unable to load model: 'fetzisasiandeco:seats_beds_banner#inventory' referenced from: fetzisasiandeco:seats_beds_banner#inventory: java.io.FileNotFoundException: fetzisasiandeco:models/item/seats_beds_banner.json
[21:00:29] [Worker-ResourceReload-6/WARN]: Unable to load model: 'fetzisasiandeco:items_banner#inventory' referenced from: fetzisasiandeco:items_banner#inventory: java.io.FileNotFoundException: fetzisasiandeco:models/item/items_banner.json
[21:00:29] [Worker-ResourceReload-6/WARN]: Unable to load model: 'fetzisasiandeco:framed_blocks_banner#inventory' referenced from: fetzisasiandeco:framed_blocks_banner#inventory: java.io.FileNotFoundException: fetzisasiandeco:models/item/framed_blocks_banner.json
[21:00:29] [Worker-ResourceReload-6/WARN]: Unable to load model: 'fetzisasiandeco:creative_pad#inventory' referenced from: fetzisasiandeco:creative_pad#inventory: java.io.FileNotFoundException: fetzisasiandeco:models/item/creative_pad.json
[21:00:35] [Worker-ResourceReload-6/WARN]: Warnings for block model 'dawnoftimebuilder:paper_wall_flat#inventory':
 ¦¦-> Could not resolve 'particle' material for model stack ('dawnoftimebuilder:paper_wall_flat#inventory'@'fusion:cuboid' -> 'minecraft:item/generated'@'fusion:cuboid' -> 'minecraft:builtin/generated'@'null')!
[21:00:36] [Worker-ResourceReload-6/WARN]: Missing textures in model minecraft:grass_block#snowy=false:
    minecraft:textures/atlas/blocks.png:minecraft:block/dirts
[21:00:36] [Worker-ResourceReload-7/INFO]: Customizable Player Models API initialized: Loaded plugins: (1)
	cpmsvcc

[21:00:37] [Worker-ResourceReload-7/INFO]: CPM Plugin initialized!
[21:00:37] [Render thread/WARN]: Missing sound for event: minecraft:item.goat_horn.play
[21:00:37] [Render thread/WARN]: Missing sound for event: minecraft:entity.goat.screaming.horn_break
[21:00:37] [Render thread/INFO]: OpenAL initialized on device OpenAL Soft on Playback L/R(2- Revelator)
[21:00:37] [Render thread/INFO]: Initializing Sound Physics
[21:00:37] [Render thread/INFO]: EFX Extension recognized
[21:00:37] [Render thread/INFO]: Max auxiliary sends: 4
[21:00:37] [Render thread/INFO]: Aux slot 1 created
[21:00:37] [Render thread/INFO]: Aux slot 2 created
[21:00:37] [Render thread/INFO]: Aux slot 3 created
[21:00:37] [Render thread/INFO]: Aux slot 4 created
[21:00:37] [Render thread/INFO]: EFX ready
[21:00:37] [Render thread/INFO]: Sound engine started
[21:00:37] [Render thread/INFO]: Created: 4096x4096x2 minecraft:textures/atlas/blocks.png-atlas
[21:00:37] [Render thread/INFO]: Created: 512x256x2 minecraft:textures/atlas/signs.png-atlas
[21:00:37] [Render thread/INFO]: Created: 512x512x2 minecraft:textures/atlas/banner_patterns.png-atlas
[21:00:37] [Render thread/INFO]: Created: 512x512x2 minecraft:textures/atlas/shield_patterns.png-atlas
[21:00:37] [Render thread/INFO]: Created: 64x64x2 refurbished_furniture:textures/atlas/tv_channels.png-atlas
[21:00:37] [Render thread/INFO]: Created: 1024x1024x2 minecraft:textures/atlas/armor_trims.png-atlas
[21:00:37] [Render thread/INFO]: Created: 256x256x2 minecraft:textures/atlas/chest.png-atlas
[21:00:37] [Render thread/INFO]: Created: 128x64x2 minecraft:textures/atlas/decorated_pot.png-atlas
[21:00:37] [Render thread/INFO]: Created: 512x256x2 minecraft:textures/atlas/beds.png-atlas
[21:00:37] [Render thread/INFO]: Created: 512x256x2 minecraft:textures/atlas/shulker_boxes.png-atlas
[21:00:38] [Render thread/WARN]: Shader rendertype_entity_translucent_emissive could not find sampler named Sampler2 in the specified shader program.
[21:00:38] [Render thread/WARN]: Shader moonlight:text_alpha_color could not find sampler named Sampler2 in the specified shader program.
[21:00:38] [Render thread/WARN]: Shader moonlight:text_alpha_color could not find uniform named IViewRotMat in the specified shader program.
[21:00:38] [Render thread/INFO]: Created: 256x512x0 minecraft:textures/atlas/particles.png-atlas
[21:00:38] [Render thread/INFO]: Created: 512x512x0 minecraft:textures/atlas/paintings.png-atlas
[21:00:38] [Render thread/INFO]: Created: 256x128x0 minecraft:textures/atlas/mob_effects.png-atlas
[21:00:38] [Render thread/INFO]: Created: 256x256x0 jei:textures/atlas/gui.png-atlas
[21:00:38] [Render thread/WARN]: Could not load animation resource playeremotes:player_animation/bow.json java.lang.NullPointerException: Cannot invoke "com.google.gson.JsonElement.getAsFloat()" because the return value of "com.google.gson.JsonObject.get(String)" is null
[21:00:38] [Render thread/WARN]: Could not load animation resource playeremotes:player_animation/hands_on_hips.json java.lang.NullPointerException: Cannot invoke "com.google.gson.JsonElement.getAsFloat()" because the return value of "com.google.gson.JsonObject.get(String)" is null
[21:00:38] [Render thread/WARN]: Could not load animation resource playeremotes:player_animation/hands_up.json java.lang.NullPointerException: Cannot invoke "com.google.gson.JsonElement.getAsFloat()" because the return value of "com.google.gson.JsonObject.get(String)" is null
[21:00:38] [Render thread/WARN]: Could not load animation resource playeremotes:player_animation/hide.json java.lang.NullPointerException: Cannot invoke "com.google.gson.JsonElement.getAsFloat()" because the return value of "com.google.gson.JsonObject.get(String)" is null
[21:00:38] [Render thread/WARN]: Could not load animation resource playeremotes:player_animation/kneel.json java.lang.NullPointerException: Cannot invoke "com.google.gson.JsonElement.getAsFloat()" because the return value of "com.google.gson.JsonObject.get(String)" is null
[21:00:38] [Render thread/WARN]: Could not load animation resource playeremotes:player_animation/lay.json java.lang.NullPointerException: Cannot invoke "com.google.gson.JsonElement.getAsFloat()" because the return value of "com.google.gson.JsonObject.get(String)" is null
[21:00:38] [Render thread/WARN]: Could not load animation resource playeremotes:player_animation/lean.json java.lang.NullPointerException: Cannot invoke "com.google.gson.JsonElement.getAsFloat()" because the return value of "com.google.gson.JsonObject.get(String)" is null
[21:00:38] [Render thread/WARN]: Could not load animation resource playeremotes:player_animation/salute.json java.lang.NullPointerException: Cannot invoke "com.google.gson.JsonElement.getAsFloat()" because the return value of "com.google.gson.JsonObject.get(String)" is null
[21:00:38] [Render thread/WARN]: Could not load animation resource playeremotes:player_animation/sit.json java.lang.NullPointerException: Cannot invoke "com.google.gson.JsonElement.getAsFloat()" because the return value of "com.google.gson.JsonObject.get(String)" is null
[21:00:38] [Render thread/INFO]: Loaded 0 built-in, 0 custom block tags
[21:00:38] [Render thread/INFO]: Loaded 6 built-in, 0 custom item tags
[21:00:38] [Render thread/INFO]: Loaded 0 built-in, 0 custom entity tags
[21:00:38] [Render thread/INFO]: Loaded 0 built-in, 0 custom biome tags
[21:00:38] [Render thread/INFO]: Created: 256x256x0 moonlight:textures/atlas/map_markers.png-atlas
[21:00:39] [Render thread/INFO]: Deduplicated ResourcefulLib highlights (10826 points, 19113 lines)
[21:00:39] [Render thread/INFO]: Loaded AmbientEngine 'basic' v3.2.5. 11 dimension(s), 11 features, 11 blockgroups, 2 sound collections, 38 regions, 60 sounds, 12 sound categories, 7 solids and 2 biome types
[21:00:39] [Render thread/INFO]: [me.vierdant.playeremotes.PlayeremotesClient:onClientTick:60]: attmpt opened menu
[21:00:39] [Render thread/INFO]: [me.vierdant.playeremotes.PlayeremotesClient:onClientTick:60]: attmpt opened menu
[21:00:39] [Render thread/INFO]: [me.vierdant.playeremotes.PlayeremotesClient:onClientTick:60]: attmpt opened menu
[21:00:39] [Render thread/INFO]: [me.vierdant.playeremotes.PlayeremotesClient:onClientTick:60]: attmpt opened menu
[21:00:39] [Render thread/INFO]: [me.vierdant.playeremotes.PlayeremotesClient:onClientTick:60]: attmpt opened menu
[21:00:39] [Render thread/INFO]: [me.vierdant.playeremotes.PlayeremotesClient:onClientTick:60]: attmpt opened menu
[21:00:39] [Render thread/INFO]: [me.vierdant.playeremotes.PlayeremotesClient:onClientTick:60]: attmpt opened menu
[21:00:39] [Render thread/INFO]: [me.vierdant.playeremotes.PlayeremotesClient:onClientTick:60]: attmpt opened menu
[21:00:39] [Render thread/INFO]: [me.vierdant.playeremotes.PlayeremotesClient:onClientTick:60]: attmpt opened menu
[21:00:39] [Render thread/INFO]: [me.vierdant.playeremotes.PlayeremotesClient:onClientTick:60]: attmpt opened menu
[21:00:39] [Render thread/INFO]: [me.vierdant.playeremotes.PlayeremotesClient:onClientTick:60]: attmpt opened menu
[21:00:39] [Render thread/INFO]: [me.vierdant.playeremotes.PlayeremotesClient:onClientTick:60]: attmpt opened menu
[21:00:39] [Render thread/INFO]: [me.vierdant.playeremotes.PlayeremotesClient:onClientTick:60]: attmpt opened menu
[21:00:39] [Render thread/INFO]: [me.vierdant.playeremotes.PlayeremotesClient:onClientTick:60]: attmpt opened menu
[21:00:39] [Render thread/INFO]: [me.vierdant.playeremotes.PlayeremotesClient:onClientTick:60]: attmpt opened menu
[21:00:39] [Render thread/INFO]: [me.vierdant.playeremotes.PlayeremotesClient:onClientTick:60]: attmpt opened menu
[21:00:39] [Render thread/INFO]: [me.vierdant.playeremotes.PlayeremotesClient:onClientTick:60]: attmpt opened menu
[21:00:39] [Render thread/INFO]: [me.vierdant.playeremotes.PlayeremotesClient:onClientTick:60]: attmpt opened menu
[21:00:39] [Render thread/INFO]: [me.vierdant.playeremotes.PlayeremotesClient:onClientTick:60]: attmpt opened menu
[21:00:39] [Render thread/INFO]: [me.vierdant.playeremotes.PlayeremotesClient:onClientTick:60]: attmpt opened menu
[21:00:39] [Render thread/INFO]: [me.vierdant.playeremotes.PlayeremotesClient:onClientTick:60]: attmpt opened menu
[21:00:39] [Render thread/INFO]: [me.vierdant.playeremotes.PlayeremotesClient:onClientTick:60]: attmpt opened menu
[21:00:39] [Render thread/INFO]: [me.vierdant.playeremotes.PlayeremotesClient:onClientTick:60]: attmpt opened menu
[21:00:40] [Render thread/INFO]: [me.vierdant.playeremotes.PlayeremotesClient:onClientTick:60]: attmpt opened menu
[21:00:40] [Render thread/INFO]: [me.vierdant.playeremotes.PlayeremotesClient:onClientTick:60]: attmpt opened menu
[21:00:40] [Render thread/INFO]: [me.vierdant.playeremotes.PlayeremotesClient:onClientTick:60]: attmpt opened menu
[21:00:40] [Render thread/INFO]: [me.vierdant.playeremotes.PlayeremotesClient:onClientTick:60]: attmpt opened menu
[21:00:40] [Render thread/INFO]: [me.vierdant.playeremotes.PlayeremotesClient:onClientTick:60]: attmpt opened menu
[21:00:40] [Render thread/INFO]: [me.vierdant.playeremotes.PlayeremotesClient:onClientTick:60]: attmpt opened menu
[21:00:40] [Render thread/INFO]: [me.vierdant.playeremotes.PlayeremotesClient:onClientTick:60]: attmpt opened menu
[21:00:40] [Render thread/INFO]: [me.vierdant.playeremotes.PlayeremotesClient:onClientTick:60]: attmpt opened menu
[21:00:40] [Render thread/INFO]: [me.vierdant.playeremotes.PlayeremotesClient:onClientTick:60]: attmpt opened menu
[21:00:40] [Render thread/INFO]: [me.vierdant.playeremotes.PlayeremotesClient:onClientTick:60]: attmpt opened menu
[21:00:40] [Render thread/INFO]: [me.vierdant.playeremotes.PlayeremotesClient:onClientTick:60]: attmpt opened menu
[21:00:40] [Render thread/INFO]: [me.vierdant.playeremotes.PlayeremotesClient:onClientTick:60]: attmpt opened menu
[21:00:40] [Render thread/INFO]: [me.vierdant.playeremotes.PlayeremotesClient:onClientTick:60]: attmpt opened menu
[21:00:40] [Render thread/INFO]: [me.vierdant.playeremotes.PlayeremotesClient:onClientTick:60]: attmpt opened menu
[21:00:40] [Render thread/INFO]: [me.vierdant.playeremotes.PlayeremotesClient:onClientTick:60]: attmpt opened menu
[21:00:40] [Render thread/INFO]: [me.vierdant.playeremotes.PlayeremotesClient:onClientTick:60]: attmpt opened menu
[21:00:40] [Render thread/INFO]: [me.vierdant.playeremotes.PlayeremotesClient:onClientTick:60]: attmpt opened menu
[21:00:40] [Render thread/INFO]: [me.vierdant.playeremotes.PlayeremotesClient:onClientTick:60]: attmpt opened menu
[21:00:40] [Render thread/INFO]: [me.vierdant.playeremotes.PlayeremotesClient:onClientTick:60]: attmpt opened menu
[21:00:40] [Render thread/INFO]: [me.vierdant.playeremotes.PlayeremotesClient:onClientTick:60]: attmpt opened menu
[21:00:41] [Render thread/INFO]: [me.vierdant.playeremotes.PlayeremotesClient:onClientTick:60]: attmpt opened menu
[21:00:41] [Render thread/INFO]: [me.vierdant.playeremotes.PlayeremotesClient:onClientTick:60]: attmpt opened menu
[21:00:41] [Render thread/INFO]: [me.vierdant.playeremotes.PlayeremotesClient:onClientTick:60]: attmpt opened menu
[21:00:41] [Render thread/INFO]: [me.vierdant.playeremotes.PlayeremotesClient:onClientTick:60]: attmpt opened menu
[21:00:41] [Render thread/INFO]: [me.vierdant.playeremotes.PlayeremotesClient:onClientTick:60]: attmpt opened menu
[21:00:41] [Render thread/INFO]: [me.vierdant.playeremotes.PlayeremotesClient:onClientTick:60]: attmpt opened menu
[21:00:41] [Render thread/WARN]: Game took 59.784 seconds to start
[21:00:41] [Render thread/INFO]: [me.vierdant.playeremotes.PlayeremotesClient:onClientTick:60]: attmpt opened menu
[21:00:41] [Render thread/INFO]: [me.vierdant.playeremotes.PlayeremotesClient:onClientTick:60]: attmpt opened menu
[21:00:41] [Render thread/INFO]: [me.vierdant.playeremotes.PlayeremotesClient:onClientTick:60]: attmpt opened menu
[21:00:41] [Render thread/INFO]: [me.vierdant.playeremotes.PlayeremotesClient:onClientTick:60]: attmpt opened menu
[21:00:41] [Render thread/INFO]: [me.vierdant.playeremotes.PlayeremotesClient:onClientTick:60]: attmpt opened menu
[21:00:41] [Render thread/INFO]: [me.vierdant.playeremotes.PlayeremotesClient:onClientTick:60]: attmpt opened menu
[21:00:41] [Render thread/INFO]: [me.vierdant.playeremotes.PlayeremotesClient:onClientTick:60]: attmpt opened menu
[21:00:41] [Render thread/INFO]: [me.vierdant.playeremotes.PlayeremotesClient:onClientTick:60]: attmpt opened menu
[21:00:41] [Render thread/INFO]: [me.vierdant.playeremotes.PlayeremotesClient:onClientTick:60]: attmpt opened menu
[21:00:41] [Render thread/INFO]: [me.vierdant.playeremotes.PlayeremotesClient:onClientTick:60]: attmpt opened menu
[21:00:41] [Render thread/INFO]: [me.vierdant.playeremotes.PlayeremotesClient:onClientTick:60]: attmpt opened menu
[21:00:41] [Render thread/INFO]: [me.vierdant.playeremotes.PlayeremotesClient:onClientTick:60]: attmpt opened menu
[21:00:41] [Render thread/INFO]: [me.vierdant.playeremotes.PlayeremotesClient:onClientTick:60]: attmpt opened menu
[21:00:41] [Render thread/INFO]: [me.vierdant.playeremotes.PlayeremotesClient:onClientTick:60]: attmpt opened menu
[21:00:42] [Render thread/INFO]: [me.vierdant.playeremotes.PlayeremotesClient:onClientTick:60]: attmpt opened menu
[21:00:42] [Render thread/INFO]: [me.vierdant.playeremotes.PlayeremotesClient:onClientTick:60]: attmpt opened menu
[21:00:42] [Render thread/INFO]: [me.vierdant.playeremotes.PlayeremotesClient:onClientTick:60]: attmpt opened menu
[21:00:42] [Render thread/INFO]: [me.vierdant.playeremotes.PlayeremotesClient:onClientTick:60]: attmpt opened menu
[21:00:42] [Render thread/INFO]: [me.vierdant.playeremotes.PlayeremotesClient:onClientTick:60]: attmpt opened menu
[21:00:42] [Render thread/INFO]: [me.vierdant.playeremotes.PlayeremotesClient:onClientTick:60]: attmpt opened menu
[21:00:42] [Render thread/INFO]: [me.vierdant.playeremotes.PlayeremotesClient:onClientTick:60]: attmpt opened menu
[21:00:42] [Render thread/INFO]: [me.vierdant.playeremotes.PlayeremotesClient:onClientTick:60]: attmpt opened menu
[21:00:42] [Render thread/INFO]: [me.vierdant.playeremotes.PlayeremotesClient:onClientTick:60]: attmpt opened menu
[21:00:42] [Render thread/INFO]: [me.vierdant.playeremotes.PlayeremotesClient:onClientTick:60]: attmpt opened menu
[21:00:42] [Render thread/INFO]: [me.vierdant.playeremotes.PlayeremotesClient:onClientTick:60]: attmpt opened menu
[21:00:42] [Render thread/INFO]: [me.vierdant.playeremotes.PlayeremotesClient:onClientTick:60]: attmpt opened menu
[21:00:42] [Render thread/INFO]: [me.vierdant.playeremotes.PlayeremotesClient:onClientTick:60]: attmpt opened menu
[21:00:42] [Render thread/INFO]: [me.vierdant.playeremotes.PlayeremotesClient:onClientTick:60]: attmpt opened menu
[21:00:42] [Render thread/INFO]: [me.vierdant.playeremotes.PlayeremotesClient:onClientTick:60]: attmpt opened menu
[21:00:42] [Render thread/INFO]: [me.vierdant.playeremotes.PlayeremotesClient:onClientTick:60]: attmpt opened menu
[21:00:42] [Render thread/INFO]: [me.vierdant.playeremotes.PlayeremotesClient:onClientTick:60]: attmpt opened menu
[21:00:42] [Render thread/INFO]: [me.vierdant.playeremotes.PlayeremotesClient:onClientTick:60]: attmpt opened menu
[21:00:42] [Render thread/INFO]: [me.vierdant.playeremotes.PlayeremotesClient:onClientTick:60]: attmpt opened menu
[21:00:42] [Render thread/INFO]: [me.vierdant.playeremotes.PlayeremotesClient:onClientTick:60]: attmpt opened menu
[21:00:43] [Render thread/INFO]: [me.vierdant.playeremotes.PlayeremotesClient:onClientTick:60]: attmpt opened menu
[21:00:43] [Render thread/INFO]: [me.vierdant.playeremotes.PlayeremotesClient:onClientTick:60]: attmpt opened menu
[21:00:43] [Render thread/INFO]: [me.vierdant.playeremotes.PlayeremotesClient:onClientTick:60]: attmpt opened menu
[21:00:43] [Render thread/INFO]: [me.vierdant.playeremotes.PlayeremotesClient:onClientTick:60]: attmpt opened menu
[21:00:43] [Render thread/INFO]: [me.vierdant.playeremotes.PlayeremotesClient:onClientTick:60]: attmpt opened menu
[21:00:43] [Render thread/INFO]: [me.vierdant.playeremotes.PlayeremotesClient:onClientTick:60]: attmpt opened menu
[21:00:43] [Render thread/INFO]: [me.vierdant.playeremotes.PlayeremotesClient:onClientTick:60]: attmpt opened menu
[21:00:43] [Render thread/INFO]: [me.vierdant.playeremotes.PlayeremotesClient:onClientTick:60]: attmpt opened menu
[21:00:43] [Render thread/INFO]: [me.vierdant.playeremotes.PlayeremotesClient:onClientTick:60]: attmpt opened menu
[21:00:43] [Render thread/INFO]: [me.vierdant.playeremotes.PlayeremotesClient:onClientTick:60]: attmpt opened menu
[21:00:43] [Render thread/INFO]: [me.vierdant.playeremotes.PlayeremotesClient:onClientTick:60]: attmpt opened menu
[21:00:43] [Render thread/INFO]: [me.vierdant.playeremotes.PlayeremotesClient:onClientTick:60]: attmpt opened menu
[21:00:43] [Render thread/INFO]: [me.vierdant.playeremotes.PlayeremotesClient:onClientTick:60]: attmpt opened menu
[21:00:43] [Render thread/INFO]: [me.vierdant.playeremotes.PlayeremotesClient:onClientTick:60]: attmpt opened menu
[21:00:43] [Render thread/INFO]: [me.vierdant.playeremotes.PlayeremotesClient:onClientTick:60]: attmpt opened menu
[21:00:43] [Render thread/INFO]: [me.vierdant.playeremotes.PlayeremotesClient:onClientTick:60]: attmpt opened menu
[21:00:43] [Render thread/INFO]: [me.vierdant.playeremotes.PlayeremotesClient:onClientTick:60]: attmpt opened menu
[21:00:43] [Render thread/INFO]: [me.vierdant.playeremotes.PlayeremotesClient:onClientTick:60]: attmpt opened menu
[21:00:43] [Render thread/INFO]: [me.vierdant.playeremotes.PlayeremotesClient:onClientTick:60]: attmpt opened menu
[21:00:43] [Render thread/INFO]: [me.vierdant.playeremotes.PlayeremotesClient:onClientTick:60]: attmpt opened menu
[21:00:44] [Render thread/INFO]: [me.vierdant.playeremotes.PlayeremotesClient:onClientTick:60]: attmpt opened menu
[21:00:44] [Render thread/INFO]: [me.vierdant.playeremotes.PlayeremotesClient:onClientTick:60]: attmpt opened menu
[21:00:44] [Render thread/INFO]: [me.vierdant.playeremotes.PlayeremotesClient:onClientTick:60]: attmpt opened menu
[21:00:44] [Render thread/INFO]: [me.vierdant.playeremotes.PlayeremotesClient:onClientTick:60]: attmpt opened menu
[21:00:44] [Render thread/INFO]: [me.vierdant.playeremotes.PlayeremotesClient:onClientTick:60]: attmpt opened menu
[21:00:44] [Render thread/INFO]: [me.vierdant.playeremotes.PlayeremotesClient:onClientTick:60]: attmpt opened menu
[21:00:44] [Render thread/INFO]: [me.vierdant.playeremotes.PlayeremotesClient:onClientTick:60]: attmpt opened menu
[21:00:44] [Render thread/INFO]: [me.vierdant.playeremotes.PlayeremotesClient:onClientTick:60]: attmpt opened menu
[21:00:44] [Render thread/INFO]: [me.vierdant.playeremotes.PlayeremotesClient:onClientTick:60]: attmpt opened menu
[21:00:44] [Render thread/INFO]: [me.vierdant.playeremotes.PlayeremotesClient:onClientTick:60]: attmpt opened menu
[21:00:44] [Render thread/INFO]: [me.vierdant.playeremotes.PlayeremotesClient:onClientTick:60]: attmpt opened menu
[21:00:44] [Render thread/INFO]: [me.vierdant.playeremotes.PlayeremotesClient:onClientTick:60]: attmpt opened menu
[21:00:44] [Render thread/INFO]: [me.vierdant.playeremotes.PlayeremotesClient:onClientTick:60]: attmpt opened menu
[21:00:44] [Render thread/INFO]: [me.vierdant.playeremotes.PlayeremotesClient:onClientTick:60]: attmpt opened menu
[21:00:44] [Render thread/INFO]: [me.vierdant.playeremotes.PlayeremotesClient:onClientTick:60]: attmpt opened menu
[21:00:44] [Render thread/INFO]: [me.vierdant.playeremotes.PlayeremotesClient:onClientTick:60]: attmpt opened menu
[21:00:44] [Render thread/INFO]: [me.vierdant.playeremotes.PlayeremotesClient:onClientTick:60]: attmpt opened menu
[21:00:44] [Render thread/INFO]: [me.vierdant.playeremotes.PlayeremotesClient:onClientTick:60]: attmpt opened menu
[21:00:44] [Render thread/INFO]: [me.vierdant.playeremotes.PlayeremotesClient:onClientTick:60]: attmpt opened menu
[21:00:44] [Render thread/INFO]: [me.vierdant.playeremotes.PlayeremotesClient:onClientTick:60]: attmpt opened menu
[21:00:45] [Render thread/INFO]: [me.vierdant.playeremotes.PlayeremotesClient:onClientTick:60]: attmpt opened menu
[21:00:45] [Render thread/INFO]: [me.vierdant.playeremotes.PlayeremotesClient:onClientTick:60]: attmpt opened menu
[21:00:45] [Render thread/INFO]: [me.vierdant.playeremotes.PlayeremotesClient:onClientTick:60]: attmpt opened menu
[21:00:45] [Render thread/INFO]: [me.vierdant.playeremotes.PlayeremotesClient:onClientTick:60]: attmpt opened menu
[21:00:45] [Render thread/INFO]: [me.vierdant.playeremotes.PlayeremotesClient:onClientTick:60]: attmpt opened menu
[21:00:45] [Render thread/INFO]: [me.vierdant.playeremotes.PlayeremotesClient:onClientTick:60]: attmpt opened menu
[21:00:45] [Render thread/INFO]: [me.vierdant.playeremotes.PlayeremotesClient:onClientTick:60]: attmpt opened menu
[21:00:45] [Render thread/INFO]: [me.vierdant.playeremotes.PlayeremotesClient:onClientTick:60]: attmpt opened menu
[21:00:45] [Render thread/INFO]: [me.vierdant.playeremotes.PlayeremotesClient:onClientTick:60]: attmpt opened menu
[21:00:45] [Render thread/INFO]: [me.vierdant.playeremotes.PlayeremotesClient:onClientTick:60]: attmpt opened menu
[21:00:45] [Render thread/INFO]: [me.vierdant.playeremotes.PlayeremotesClient:onClientTick:60]: attmpt opened menu
[21:00:45] [Render thread/INFO]: [me.vierdant.playeremotes.PlayeremotesClient:onClientTick:60]: attmpt opened menu
[21:00:45] [Render thread/INFO]: [me.vierdant.playeremotes.PlayeremotesClient:onClientTick:60]: attmpt opened menu
[21:00:45] [Render thread/INFO]: [me.vierdant.playeremotes.PlayeremotesClient:onClientTick:60]: attmpt opened menu
[21:00:45] [Render thread/INFO]: [me.vierdant.playeremotes.PlayeremotesClient:onClientTick:60]: attmpt opened menu
[21:00:45] [Render thread/INFO]: [me.vierdant.playeremotes.PlayeremotesClient:onClientTick:60]: attmpt opened menu
[21:00:45] [Render thread/INFO]: [me.vierdant.playeremotes.PlayeremotesClient:onClientTick:60]: attmpt opened menu
[21:00:45] [Render thread/INFO]: [me.vierdant.playeremotes.PlayeremotesClient:onClientTick:60]: attmpt opened menu
[21:00:45] [Render thread/INFO]: [me.vierdant.playeremotes.PlayeremotesClient:onClientTick:60]: attmpt opened menu
[21:00:45] [Render thread/INFO]: [me.vierdant.playeremotes.PlayeremotesClient:onClientTick:60]: attmpt opened menu
[21:00:46] [Render thread/INFO]: [me.vierdant.playeremotes.PlayeremotesClient:onClientTick:60]: attmpt opened menu
[21:00:46] [Render thread/INFO]: [me.vierdant.playeremotes.PlayeremotesClient:onClientTick:60]: attmpt opened menu
[21:00:46] [Render thread/INFO]: [me.vierdant.playeremotes.PlayeremotesClient:onClientTick:60]: attmpt opened menu
[21:00:46] [Render thread/INFO]: [me.vierdant.playeremotes.PlayeremotesClient:onClientTick:60]: attmpt opened menu
[21:00:46] [Render thread/INFO]: [me.vierdant.playeremotes.PlayeremotesClient:onClientTick:60]: attmpt opened menu
[21:00:46] [Render thread/INFO]: [me.vierdant.playeremotes.PlayeremotesClient:onClientTick:60]: attmpt opened menu
[21:00:46] [Render thread/INFO]: [me.vierdant.playeremotes.PlayeremotesClient:onClientTick:60]: attmpt opened menu
[21:00:46] [Render thread/INFO]: [me.vierdant.playeremotes.PlayeremotesClient:onClientTick:60]: attmpt opened menu
[21:00:46] [Render thread/INFO]: [me.vierdant.playeremotes.PlayeremotesClient:onClientTick:60]: attmpt opened menu
[21:00:46] [Render thread/INFO]: [me.vierdant.playeremotes.PlayeremotesClient:onClientTick:60]: attmpt opened menu
[21:00:46] [Render thread/INFO]: [me.vierdant.playeremotes.PlayeremotesClient:onClientTick:60]: attmpt opened menu
[21:00:46] [Render thread/INFO]: [me.vierdant.playeremotes.PlayeremotesClient:onClientTick:60]: attmpt opened menu
[21:00:46] [Render thread/INFO]: [me.vierdant.playeremotes.PlayeremotesClient:onClientTick:60]: attmpt opened menu
[21:00:46] [Render thread/INFO]: [me.vierdant.playeremotes.PlayeremotesClient:onClientTick:60]: attmpt opened menu
[21:00:46] [Render thread/INFO]: [me.vierdant.playeremotes.PlayeremotesClient:onClientTick:60]: attmpt opened menu
[21:00:46] [Render thread/INFO]: [me.vierdant.playeremotes.PlayeremotesClient:onClientTick:60]: attmpt opened menu
[21:00:46] [Render thread/INFO]: [me.vierdant.playeremotes.PlayeremotesClient:onClientTick:60]: attmpt opened menu
[21:00:46] [Render thread/INFO]: [me.vierdant.playeremotes.PlayeremotesClient:onClientTick:60]: attmpt opened menu
[21:00:46] [Render thread/INFO]: [me.vierdant.playeremotes.PlayeremotesClient:onClientTick:60]: attmpt opened menu
[21:00:46] [Render thread/INFO]: [me.vierdant.playeremotes.PlayeremotesClient:onClientTick:60]: attmpt opened menu
[21:00:47] [Render thread/INFO]: [me.vierdant.playeremotes.PlayeremotesClient:onClientTick:60]: attmpt opened menu
[21:00:47] [Render thread/INFO]: [me.vierdant.playeremotes.PlayeremotesClient:onClientTick:60]: attmpt opened menu
[21:00:47] [Render thread/INFO]: [me.vierdant.playeremotes.PlayeremotesClient:onClientTick:60]: attmpt opened menu
[21:00:47] [Render thread/INFO]: [me.vierdant.playeremotes.PlayeremotesClient:onClientTick:60]: attmpt opened menu
[21:00:47] [Render thread/INFO]: [me.vierdant.playeremotes.PlayeremotesClient:onClientTick:60]: attmpt opened menu
[21:00:47] [Render thread/INFO]: [me.vierdant.playeremotes.PlayeremotesClient:onClientTick:60]: attmpt opened menu
[21:00:47] [Render thread/INFO]: [me.vierdant.playeremotes.PlayeremotesClient:onClientTick:60]: attmpt opened menu
[21:00:47] [Render thread/INFO]: [me.vierdant.playeremotes.PlayeremotesClient:onClientTick:60]: attmpt opened menu
[21:00:47] [Render thread/INFO]: [me.vierdant.playeremotes.PlayeremotesClient:onClientTick:60]: attmpt opened menu
[21:00:47] [Render thread/INFO]: [me.vierdant.playeremotes.PlayeremotesClient:onClientTick:60]: attmpt opened menu
[21:00:47] [Render thread/INFO]: [me.vierdant.playeremotes.PlayeremotesClient:onClientTick:60]: attmpt opened menu
[21:00:47] [Render thread/INFO]: [me.vierdant.playeremotes.PlayeremotesClient:onClientTick:60]: attmpt opened menu
[21:00:47] [Render thread/INFO]: [me.vierdant.playeremotes.PlayeremotesClient:onClientTick:60]: attmpt opened menu
[21:00:47] [Render thread/INFO]: [me.vierdant.playeremotes.PlayeremotesClient:onClientTick:60]: attmpt opened menu
[21:00:47] [Render thread/INFO]: [me.vierdant.playeremotes.PlayeremotesClient:onClientTick:60]: attmpt opened menu
[21:00:47] [Render thread/INFO]: [me.vierdant.playeremotes.PlayeremotesClient:onClientTick:60]: attmpt opened menu
[21:00:47] [Render thread/INFO]: [me.vierdant.playeremotes.PlayeremotesClient:onClientTick:60]: attmpt opened menu
[21:00:47] [Render thread/INFO]: [me.vierdant.playeremotes.PlayeremotesClient:onClientTick:60]: attmpt opened menu
[21:00:47] [Render thread/INFO]: [me.vierdant.playeremotes.PlayeremotesClient:onClientTick:60]: attmpt opened menu
[21:00:47] [Render thread/INFO]: [me.vierdant.playeremotes.PlayeremotesClient:onClientTick:60]: attmpt opened menu
[21:00:48] [Render thread/INFO]: [me.vierdant.playeremotes.PlayeremotesClient:onClientTick:60]: attmpt opened menu
[21:00:48] [Render thread/INFO]: [me.vierdant.playeremotes.PlayeremotesClient:onClientTick:60]: attmpt opened menu
[21:00:48] [Render thread/INFO]: [me.vierdant.playeremotes.PlayeremotesClient:onClientTick:60]: attmpt opened menu
[21:00:48] [Render thread/INFO]: [me.vierdant.playeremotes.PlayeremotesClient:onClientTick:60]: attmpt opened menu
[21:00:48] [Render thread/INFO]: [me.vierdant.playeremotes.PlayeremotesClient:onClientTick:60]: attmpt opened menu
[21:00:48] [Render thread/INFO]: [me.vierdant.playeremotes.PlayeremotesClient:onClientTick:60]: attmpt opened menu
[21:00:48] [Render thread/INFO]: [me.vierdant.playeremotes.PlayeremotesClient:onClientTick:60]: attmpt opened menu
[21:00:48] [Render thread/INFO]: [me.vierdant.playeremotes.PlayeremotesClient:onClientTick:60]: attmpt opened menu
[21:00:48] [Render thread/INFO]: [me.vierdant.playeremotes.PlayeremotesClient:onClientTick:60]: attmpt opened menu
[21:00:48] [Render thread/INFO]: [me.vierdant.playeremotes.PlayeremotesClient:onClientTick:60]: attmpt opened menu
[21:00:48] [Render thread/INFO]: [me.vierdant.playeremotes.PlayeremotesClient:onClientTick:60]: attmpt opened menu
[21:00:48] [Render thread/INFO]: [me.vierdant.playeremotes.PlayeremotesClient:onClientTick:60]: attmpt opened menu
[21:00:48] [Render thread/INFO]: [me.vierdant.playeremotes.PlayeremotesClient:onClientTick:60]: attmpt opened menu
[21:00:48] [Render thread/INFO]: [me.vierdant.playeremotes.PlayeremotesClient:onClientTick:60]: attmpt opened menu
[21:00:48] [Render thread/INFO]: [me.vierdant.playeremotes.PlayeremotesClient:onClientTick:60]: attmpt opened menu
[21:00:48] [Render thread/INFO]: [me.vierdant.playeremotes.PlayeremotesClient:onClientTick:60]: attmpt opened menu
[21:00:48] [Render thread/INFO]: [me.vierdant.playeremotes.PlayeremotesClient:onClientTick:60]: attmpt opened menu
[21:00:48] [Render thread/INFO]: [me.vierdant.playeremotes.PlayeremotesClient:onClientTick:60]: attmpt opened menu
[21:00:48] [Render thread/INFO]: [me.vierdant.playeremotes.PlayeremotesClient:onClientTick:60]: attmpt opened menu
[21:00:48] [Render thread/INFO]: [me.vierdant.playeremotes.PlayeremotesClient:onClientTick:60]: attmpt opened menu
[21:00:49] [Render thread/INFO]: [me.vierdant.playeremotes.PlayeremotesClient:onClientTick:60]: attmpt opened menu
[21:00:49] [Render thread/INFO]: [me.vierdant.playeremotes.PlayeremotesClient:onClientTick:60]: attmpt opened menu
[21:00:49] [Render thread/INFO]: [me.vierdant.playeremotes.PlayeremotesClient:onClientTick:60]: attmpt opened menu
[21:00:49] [Render thread/INFO]: [me.vierdant.playeremotes.PlayeremotesClient:onClientTick:60]: attmpt opened menu
[21:00:49] [Render thread/INFO]: [me.vierdant.playeremotes.PlayeremotesClient:onClientTick:60]: attmpt opened menu
[21:00:49] [Render thread/INFO]: [me.vierdant.playeremotes.PlayeremotesClient:onClientTick:60]: attmpt opened menu
[21:00:49] [Render thread/INFO]: [me.vierdant.playeremotes.PlayeremotesClient:onClientTick:60]: attmpt opened menu
[21:00:49] [Render thread/INFO]: [me.vierdant.playeremotes.PlayeremotesClient:onClientTick:60]: attmpt opened menu
[21:00:49] [Render thread/INFO]: [me.vierdant.playeremotes.PlayeremotesClient:onClientTick:60]: attmpt opened menu
[21:00:49] [Render thread/INFO]: [me.vierdant.playeremotes.PlayeremotesClient:onClientTick:60]: attmpt opened menu
[21:00:49] [Render thread/INFO]: [me.vierdant.playeremotes.PlayeremotesClient:onClientTick:60]: attmpt opened menu
[21:00:49] [Render thread/INFO]: [me.vierdant.playeremotes.PlayeremotesClient:onClientTick:60]: attmpt opened menu
[21:00:49] [Render thread/INFO]: [me.vierdant.playeremotes.PlayeremotesClient:onClientTick:60]: attmpt opened menu
[21:00:49] [Render thread/INFO]: [me.vierdant.playeremotes.PlayeremotesClient:onClientTick:60]: attmpt opened menu
[21:00:49] [Render thread/INFO]: [me.vierdant.playeremotes.PlayeremotesClient:onClientTick:60]: attmpt opened menu
[21:00:49] [Render thread/INFO]: [me.vierdant.playeremotes.PlayeremotesClient:onClientTick:60]: attmpt opened menu
[21:00:49] [Render thread/INFO]: [me.vierdant.playeremotes.PlayeremotesClient:onClientTick:60]: attmpt opened menu
[21:00:49] [Render thread/INFO]: [me.vierdant.playeremotes.PlayeremotesClient:onClientTick:60]: attmpt opened menu
[21:00:49] [Render thread/INFO]: [me.vierdant.playeremotes.PlayeremotesClient:onClientTick:60]: attmpt opened menu
[21:00:49] [Render thread/INFO]: [me.vierdant.playeremotes.PlayeremotesClient:onClientTick:60]: attmpt opened menu
[21:00:50] [Render thread/INFO]: [me.vierdant.playeremotes.PlayeremotesClient:onClientTick:60]: attmpt opened menu
[21:00:50] [Render thread/INFO]: [me.vierdant.playeremotes.PlayeremotesClient:onClientTick:60]: attmpt opened menu
[21:00:50] [Render thread/INFO]: [me.vierdant.playeremotes.PlayeremotesClient:onClientTick:60]: attmpt opened menu
[21:00:50] [Render thread/INFO]: [me.vierdant.playeremotes.PlayeremotesClient:onClientTick:60]: attmpt opened menu
[21:00:50] [Render thread/INFO]: [me.vierdant.playeremotes.PlayeremotesClient:onClientTick:60]: attmpt opened menu
[21:00:50] [Render thread/INFO]: [me.vierdant.playeremotes.PlayeremotesClient:onClientTick:60]: attmpt opened menu
[21:00:50] [Render thread/INFO]: [me.vierdant.playeremotes.PlayeremotesClient:onClientTick:60]: attmpt opened menu
[21:00:50] [Render thread/INFO]: [me.vierdant.playeremotes.PlayeremotesClient:onClientTick:60]: attmpt opened menu
[21:00:50] [Render thread/INFO]: [me.vierdant.playeremotes.PlayeremotesClient:onClientTick:60]: attmpt opened menu
[21:00:50] [Render thread/INFO]: [me.vierdant.playeremotes.PlayeremotesClient:onClientTick:60]: attmpt opened menu
[21:00:50] [Render thread/INFO]: [me.vierdant.playeremotes.PlayeremotesClient:onClientTick:60]: attmpt opened menu
[21:00:50] [Render thread/INFO]: [me.vierdant.playeremotes.PlayeremotesClient:onClientTick:60]: attmpt opened menu
[21:00:50] [Render thread/INFO]: [me.vierdant.playeremotes.PlayeremotesClient:onClientTick:60]: attmpt opened menu
[21:00:50] [Render thread/INFO]: [me.vierdant.playeremotes.PlayeremotesClient:onClientTick:60]: attmpt opened menu
[21:00:50] [Render thread/INFO]: [me.vierdant.playeremotes.PlayeremotesClient:onClientTick:60]: attmpt opened menu
[21:00:50] [Render thread/INFO]: [me.vierdant.playeremotes.PlayeremotesClient:onClientTick:60]: attmpt opened menu
[21:00:50] [Render thread/INFO]: [me.vierdant.playeremotes.PlayeremotesClient:onClientTick:60]: attmpt opened menu
[21:00:50] [Render thread/INFO]: [me.vierdant.playeremotes.PlayeremotesClient:onClientTick:60]: attmpt opened menu
[21:00:50] [Render thread/INFO]: [me.vierdant.playeremotes.PlayeremotesClient:onClientTick:60]: attmpt opened menu
[21:00:50] [Render thread/INFO]: [me.vierdant.playeremotes.PlayeremotesClient:onClientTick:60]: attmpt opened menu
[21:00:51] [Render thread/INFO]: [me.vierdant.playeremotes.PlayeremotesClient:onClientTick:60]: attmpt opened menu
[21:00:51] [Render thread/INFO]: [me.vierdant.playeremotes.PlayeremotesClient:onClientTick:60]: attmpt opened menu
[21:00:51] [Render thread/INFO]: [me.vierdant.playeremotes.PlayeremotesClient:onClientTick:60]: attmpt opened menu
[21:00:51] [Render thread/INFO]: [me.vierdant.playeremotes.PlayeremotesClient:onClientTick:60]: attmpt opened menu
[21:00:51] [Render thread/INFO]: [me.vierdant.playeremotes.PlayeremotesClient:onClientTick:60]: attmpt opened menu
[21:00:51] [Render thread/INFO]: [me.vierdant.playeremotes.PlayeremotesClient:onClientTick:60]: attmpt opened menu
[21:00:51] [Render thread/INFO]: [me.vierdant.playeremotes.PlayeremotesClient:onClientTick:60]: attmpt opened menu
[21:00:51] [Render thread/INFO]: [me.vierdant.playeremotes.PlayeremotesClient:onClientTick:60]: attmpt opened menu
[21:00:51] [Render thread/INFO]: [me.vierdant.playeremotes.PlayeremotesClient:onClientTick:60]: attmpt opened menu
[21:00:51] [Render thread/INFO]: [me.vierdant.playeremotes.PlayeremotesClient:onClientTick:60]: attmpt opened menu
[21:00:51] [Render thread/INFO]: [me.vierdant.playeremotes.PlayeremotesClient:onClientTick:60]: attmpt opened menu
[21:00:51] [Render thread/INFO]: [me.vierdant.playeremotes.PlayeremotesClient:onClientTick:60]: attmpt opened menu
[21:00:51] [Render thread/INFO]: [me.vierdant.playeremotes.PlayeremotesClient:onClientTick:60]: attmpt opened menu
[21:00:51] [Render thread/INFO]: [me.vierdant.playeremotes.PlayeremotesClient:onClientTick:60]: attmpt opened menu
[21:00:51] [Render thread/INFO]: [me.vierdant.playeremotes.PlayeremotesClient:onClientTick:60]: attmpt opened menu
[21:00:51] [Render thread/INFO]: [me.vierdant.playeremotes.PlayeremotesClient:onClientTick:60]: attmpt opened menu
[21:00:51] [Render thread/INFO]: [me.vierdant.playeremotes.PlayeremotesClient:onClientTick:60]: attmpt opened menu
[21:00:51] [Render thread/INFO]: [me.vierdant.playeremotes.PlayeremotesClient:onClientTick:60]: attmpt opened menu
[21:00:51] [Render thread/INFO]: [me.vierdant.playeremotes.PlayeremotesClient:onClientTick:60]: attmpt opened menu
[21:00:51] [Render thread/INFO]: [me.vierdant.playeremotes.PlayeremotesClient:onClientTick:60]: attmpt opened menu
[21:00:52] [Render thread/INFO]: [me.vierdant.playeremotes.PlayeremotesClient:onClientTick:60]: attmpt opened menu
[21:00:52] [Render thread/INFO]: [me.vierdant.playeremotes.PlayeremotesClient:onClientTick:60]: attmpt opened menu
[21:00:52] [Render thread/INFO]: [me.vierdant.playeremotes.PlayeremotesClient:onClientTick:60]: attmpt opened menu
[21:00:52] [Render thread/INFO]: [me.vierdant.playeremotes.PlayeremotesClient:onClientTick:60]: attmpt opened menu
[21:00:52] [Render thread/INFO]: [me.vierdant.playeremotes.PlayeremotesClient:onClientTick:60]: attmpt opened menu
[21:00:52] [Render thread/INFO]: [me.vierdant.playeremotes.PlayeremotesClient:onClientTick:60]: attmpt opened menu
[21:00:52] [Render thread/INFO]: [me.vierdant.playeremotes.PlayeremotesClient:onClientTick:60]: attmpt opened menu
[21:00:52] [Render thread/INFO]: [me.vierdant.playeremotes.PlayeremotesClient:onClientTick:60]: attmpt opened menu
[21:00:52] [Render thread/INFO]: [me.vierdant.playeremotes.PlayeremotesClient:onClientTick:60]: attmpt opened menu
[21:00:52] [Render thread/INFO]: [me.vierdant.playeremotes.PlayeremotesClient:onClientTick:60]: attmpt opened menu
[21:00:52] [Render thread/INFO]: [me.vierdant.playeremotes.PlayeremotesClient:onClientTick:60]: attmpt opened menu
[21:00:52] [Render thread/INFO]: [me.vierdant.playeremotes.PlayeremotesClient:onClientTick:60]: attmpt opened menu
[21:00:52] [Render thread/INFO]: [me.vierdant.playeremotes.PlayeremotesClient:onClientTick:60]: attmpt opened menu
[21:00:52] [Render thread/INFO]: [me.vierdant.playeremotes.PlayeremotesClient:onClientTick:60]: attmpt opened menu
[21:00:52] [Render thread/INFO]: [me.vierdant.playeremotes.PlayeremotesClient:onClientTick:60]: attmpt opened menu
[21:00:52] [Render thread/INFO]: [me.vierdant.playeremotes.PlayeremotesClient:onClientTick:60]: attmpt opened menu
[21:00:52] [Render thread/INFO]: [me.vierdant.playeremotes.PlayeremotesClient:onClientTick:60]: attmpt opened menu
[21:00:52] [Render thread/INFO]: [me.vierdant.playeremotes.PlayeremotesClient:onClientTick:60]: attmpt opened menu
[21:00:52] [Render thread/INFO]: [me.vierdant.playeremotes.PlayeremotesClient:onClientTick:60]: attmpt opened menu
[21:00:52] [Render thread/INFO]: [me.vierdant.playeremotes.PlayeremotesClient:onClientTick:60]: attmpt opened menu
[21:00:53] [Render thread/INFO]: [me.vierdant.playeremotes.PlayeremotesClient:onClientTick:60]: attmpt opened menu
[21:00:53] [Render thread/INFO]: [me.vierdant.playeremotes.PlayeremotesClient:onClientTick:60]: attmpt opened menu
[21:00:53] [Render thread/INFO]: [me.vierdant.playeremotes.PlayeremotesClient:onClientTick:60]: attmpt opened menu
[21:00:53] [Render thread/INFO]: [me.vierdant.playeremotes.PlayeremotesClient:onClientTick:60]: attmpt opened menu
[21:00:53] [Render thread/INFO]: [me.vierdant.playeremotes.PlayeremotesClient:onClientTick:60]: attmpt opened menu
[21:00:53] [Render thread/INFO]: [me.vierdant.playeremotes.PlayeremotesClient:onClientTick:60]: attmpt opened menu
[21:00:53] [Render thread/INFO]: [me.vierdant.playeremotes.PlayeremotesClient:onClientTick:60]: attmpt opened menu
[21:00:53] [Render thread/INFO]: [me.vierdant.playeremotes.PlayeremotesClient:onClientTick:60]: attmpt opened menu
[21:00:53] [Render thread/INFO]: [me.vierdant.playeremotes.PlayeremotesClient:onClientTick:60]: attmpt opened menu
[21:00:53] [Render thread/INFO]: [me.vierdant.playeremotes.PlayeremotesClient:onClientTick:60]: attmpt opened menu
[21:00:53] [Render thread/INFO]: [me.vierdant.playeremotes.PlayeremotesClient:onClientTick:60]: attmpt opened menu
[21:00:53] [Render thread/INFO]: [me.vierdant.playeremotes.PlayeremotesClient:onClientTick:60]: attmpt opened menu
[21:00:53] [Render thread/INFO]: [me.vierdant.playeremotes.PlayeremotesClient:onClientTick:60]: attmpt opened menu
[21:00:53] [Render thread/INFO]: [me.vierdant.playeremotes.PlayeremotesClient:onClientTick:60]: attmpt opened menu
[21:00:53] [Render thread/INFO]: [me.vierdant.playeremotes.PlayeremotesClient:onClientTick:60]: attmpt opened menu
[21:00:53] [Render thread/INFO]: [me.vierdant.playeremotes.PlayeremotesClient:onClientTick:60]: attmpt opened menu
[21:00:53] [Render thread/INFO]: [me.vierdant.playeremotes.PlayeremotesClient:onClientTick:60]: attmpt opened menu
[21:00:53] [Render thread/INFO]: [me.vierdant.playeremotes.PlayeremotesClient:onClientTick:60]: attmpt opened menu
[21:00:53] [Render thread/INFO]: [me.vierdant.playeremotes.PlayeremotesClient:onClientTick:60]: attmpt opened menu
[21:00:53] [Render thread/INFO]: [me.vierdant.playeremotes.PlayeremotesClient:onClientTick:60]: attmpt opened menu
[21:00:54] [Render thread/INFO]: [me.vierdant.playeremotes.PlayeremotesClient:onClientTick:60]: attmpt opened menu
[21:00:54] [Render thread/INFO]: [me.vierdant.playeremotes.PlayeremotesClient:onClientTick:60]: attmpt opened menu
[21:00:54] [Render thread/INFO]: [me.vierdant.playeremotes.PlayeremotesClient:onClientTick:60]: attmpt opened menu
[21:00:54] [Render thread/INFO]: [me.vierdant.playeremotes.PlayeremotesClient:onClientTick:60]: attmpt opened menu
[21:00:54] [Render thread/INFO]: [me.vierdant.playeremotes.PlayeremotesClient:onClientTick:60]: attmpt opened menu
[21:00:54] [Render thread/INFO]: [me.vierdant.playeremotes.PlayeremotesClient:onClientTick:60]: attmpt opened menu
[21:00:54] [Render thread/INFO]: [me.vierdant.playeremotes.PlayeremotesClient:onClientTick:60]: attmpt opened menu
[21:00:54] [Render thread/INFO]: [me.vierdant.playeremotes.PlayeremotesClient:onClientTick:60]: attmpt opened menu
[21:00:54] [Render thread/INFO]: [me.vierdant.playeremotes.PlayeremotesClient:onClientTick:60]: attmpt opened menu
[21:00:54] [Render thread/INFO]: [me.vierdant.playeremotes.PlayeremotesClient:onClientTick:60]: attmpt opened menu
[21:00:54] [Render thread/INFO]: [me.vierdant.playeremotes.PlayeremotesClient:onClientTick:60]: attmpt opened menu
[21:00:54] [Render thread/INFO]: [me.vierdant.playeremotes.PlayeremotesClient:onClientTick:60]: attmpt opened menu
[21:00:54] [Render thread/INFO]: [me.vierdant.playeremotes.PlayeremotesClient:onClientTick:60]: attmpt opened menu
[21:00:54] [Render thread/INFO]: [me.vierdant.playeremotes.PlayeremotesClient:onClientTick:60]: attmpt opened menu
[21:00:54] [Render thread/INFO]: [me.vierdant.playeremotes.PlayeremotesClient:onClientTick:60]: attmpt opened menu
[21:00:54] [Render thread/INFO]: [me.vierdant.playeremotes.PlayeremotesClient:onClientTick:60]: attmpt opened menu
[21:00:54] [Render thread/INFO]: [me.vierdant.playeremotes.PlayeremotesClient:onClientTick:60]: attmpt opened menu
[21:00:54] [Render thread/INFO]: [me.vierdant.playeremotes.PlayeremotesClient:onClientTick:60]: attmpt opened menu
[21:00:54] [Render thread/INFO]: [me.vierdant.playeremotes.PlayeremotesClient:onClientTick:60]: attmpt opened menu
[21:00:54] [Render thread/INFO]: [me.vierdant.playeremotes.PlayeremotesClient:onClientTick:60]: attmpt opened menu
[21:00:55] [Render thread/INFO]: [me.vierdant.playeremotes.PlayeremotesClient:onClientTick:60]: attmpt opened menu
[21:00:55] [Render thread/INFO]: [me.vierdant.playeremotes.PlayeremotesClient:onClientTick:60]: attmpt opened menu
[21:00:55] [Render thread/INFO]: [me.vierdant.playeremotes.PlayeremotesClient:onClientTick:60]: attmpt opened menu
[21:00:55] [Render thread/INFO]: [me.vierdant.playeremotes.PlayeremotesClient:onClientTick:60]: attmpt opened menu
[21:00:55] [Render thread/INFO]: [me.vierdant.playeremotes.PlayeremotesClient:onClientTick:60]: attmpt opened menu
[21:00:55] [Render thread/INFO]: [me.vierdant.playeremotes.PlayeremotesClient:onClientTick:60]: attmpt opened menu
[21:00:55] [Render thread/INFO]: [me.vierdant.playeremotes.PlayeremotesClient:onClientTick:60]: attmpt opened menu
[21:00:55] [Render thread/INFO]: [me.vierdant.playeremotes.PlayeremotesClient:onClientTick:60]: attmpt opened menu
[21:00:55] [Render thread/INFO]: [me.vierdant.playeremotes.PlayeremotesClient:onClientTick:60]: attmpt opened menu
[21:00:55] [Render thread/INFO]: [me.vierdant.playeremotes.PlayeremotesClient:onClientTick:60]: attmpt opened menu
[21:00:55] [Render thread/INFO]: [me.vierdant.playeremotes.PlayeremotesClient:onClientTick:60]: attmpt opened menu
[21:00:55] [Render thread/INFO]: [me.vierdant.playeremotes.PlayeremotesClient:onClientTick:60]: attmpt opened menu
[21:00:55] [Render thread/INFO]: [me.vierdant.playeremotes.PlayeremotesClient:onClientTick:60]: attmpt opened menu
[21:00:55] [Render thread/INFO]: [me.vierdant.playeremotes.PlayeremotesClient:onClientTick:60]: attmpt opened menu
[21:00:55] [Render thread/INFO]: [me.vierdant.playeremotes.PlayeremotesClient:onClientTick:60]: attmpt opened menu
[21:00:55] [Render thread/INFO]: [me.vierdant.playeremotes.PlayeremotesClient:onClientTick:60]: attmpt opened menu
[21:00:55] [Render thread/INFO]: [me.vierdant.playeremotes.PlayeremotesClient:onClientTick:60]: attmpt opened menu
[21:00:55] [Render thread/INFO]: [me.vierdant.playeremotes.PlayeremotesClient:onClientTick:60]: attmpt opened menu
[21:00:55] [Render thread/INFO]: [me.vierdant.playeremotes.PlayeremotesClient:onClientTick:60]: attmpt opened menu
[21:00:55] [Render thread/INFO]: [me.vierdant.playeremotes.PlayeremotesClient:onClientTick:60]: attmpt opened menu
[21:00:56] [Render thread/INFO]: [me.vierdant.playeremotes.PlayeremotesClient:onClientTick:60]: attmpt opened menu
[21:00:56] [Render thread/INFO]: [me.vierdant.playeremotes.PlayeremotesClient:onClientTick:60]: attmpt opened menu
[21:00:56] [Render thread/INFO]: [me.vierdant.playeremotes.PlayeremotesClient:onClientTick:60]: attmpt opened menu
[21:00:56] [Render thread/INFO]: [me.vierdant.playeremotes.PlayeremotesClient:onClientTick:60]: attmpt opened menu
[21:00:56] [Render thread/INFO]: [me.vierdant.playeremotes.PlayeremotesClient:onClientTick:60]: attmpt opened menu
[21:00:56] [Render thread/INFO]: [me.vierdant.playeremotes.PlayeremotesClient:onClientTick:60]: attmpt opened menu
[21:00:56] [Render thread/INFO]: [me.vierdant.playeremotes.PlayeremotesClient:onClientTick:60]: attmpt opened menu
[21:00:56] [Render thread/INFO]: [me.vierdant.playeremotes.PlayeremotesClient:onClientTick:60]: attmpt opened menu
[21:00:56] [Render thread/INFO]: [me.vierdant.playeremotes.PlayeremotesClient:onClientTick:60]: attmpt opened menu
[21:00:56] [Render thread/INFO]: [me.vierdant.playeremotes.PlayeremotesClient:onClientTick:60]: attmpt opened menu
[21:00:56] [Render thread/INFO]: [me.vierdant.playeremotes.PlayeremotesClient:onClientTick:60]: attmpt opened menu
[21:00:56] [Render thread/INFO]: [me.vierdant.playeremotes.PlayeremotesClient:onClientTick:60]: attmpt opened menu
[21:00:56] [Render thread/INFO]: [me.vierdant.playeremotes.PlayeremotesClient:onClientTick:60]: attmpt opened menu
[21:00:56] [Render thread/INFO]: [me.vierdant.playeremotes.PlayeremotesClient:onClientTick:60]: attmpt opened menu
[21:00:56] [Render thread/INFO]: [me.vierdant.playeremotes.PlayeremotesClient:onClientTick:60]: attmpt opened menu
[21:00:56] [Render thread/INFO]: [me.vierdant.playeremotes.PlayeremotesClient:onClientTick:60]: attmpt opened menu
[21:00:56] [Render thread/INFO]: [me.vierdant.playeremotes.PlayeremotesClient:onClientTick:60]: attmpt opened menu
[21:00:56] [Render thread/INFO]: [me.vierdant.playeremotes.PlayeremotesClient:onClientTick:60]: attmpt opened menu
[21:00:56] [Render thread/INFO]: [me.vierdant.playeremotes.PlayeremotesClient:onClientTick:60]: attmpt opened menu
[21:00:56] [Render thread/INFO]: [me.vierdant.playeremotes.PlayeremotesClient:onClientTick:60]: attmpt opened menu
[21:00:57] [Render thread/INFO]: [me.vierdant.playeremotes.PlayeremotesClient:onClientTick:60]: attmpt opened menu
[21:00:57] [Render thread/INFO]: [me.vierdant.playeremotes.PlayeremotesClient:onClientTick:60]: attmpt opened menu
[21:00:57] [Render thread/INFO]: [me.vierdant.playeremotes.PlayeremotesClient:onClientTick:60]: attmpt opened menu
[21:00:57] [Render thread/INFO]: [me.vierdant.playeremotes.PlayeremotesClient:onClientTick:60]: attmpt opened menu
[21:00:57] [Render thread/INFO]: [me.vierdant.playeremotes.PlayeremotesClient:onClientTick:60]: attmpt opened menu
[21:00:57] [Render thread/INFO]: [me.vierdant.playeremotes.PlayeremotesClient:onClientTick:60]: attmpt opened menu
[21:00:57] [Render thread/INFO]: [me.vierdant.playeremotes.PlayeremotesClient:onClientTick:60]: attmpt opened menu
[21:00:57] [Render thread/INFO]: [me.vierdant.playeremotes.PlayeremotesClient:onClientTick:60]: attmpt opened menu
[21:00:57] [Render thread/INFO]: [me.vierdant.playeremotes.PlayeremotesClient:onClientTick:60]: attmpt opened menu
[21:00:57] [Render thread/INFO]: [me.vierdant.playeremotes.PlayeremotesClient:onClientTick:60]: attmpt opened menu
[21:00:57] [Render thread/INFO]: [me.vierdant.playeremotes.PlayeremotesClient:onClientTick:60]: attmpt opened menu
[21:00:57] [Render thread/INFO]: [me.vierdant.playeremotes.PlayeremotesClient:onClientTick:60]: attmpt opened menu
[21:00:57] [Render thread/INFO]: [me.vierdant.playeremotes.PlayeremotesClient:onClientTick:60]: attmpt opened menu
[21:00:57] [Render thread/INFO]: [me.vierdant.playeremotes.PlayeremotesClient:onClientTick:60]: attmpt opened menu
[21:00:57] [Render thread/INFO]: [me.vierdant.playeremotes.PlayeremotesClient:onClientTick:60]: attmpt opened menu
[21:00:57] [Render thread/INFO]: [me.vierdant.playeremotes.PlayeremotesClient:onClientTick:60]: attmpt opened menu
[21:00:57] [Render thread/INFO]: [me.vierdant.playeremotes.PlayeremotesClient:onClientTick:60]: attmpt opened menu
[21:00:57] [Render thread/INFO]: [me.vierdant.playeremotes.PlayeremotesClient:onClientTick:60]: attmpt opened menu
[21:00:57] [Render thread/INFO]: [me.vierdant.playeremotes.PlayeremotesClient:onClientTick:60]: attmpt opened menu
[21:00:57] [Render thread/INFO]: [me.vierdant.playeremotes.PlayeremotesClient:onClientTick:60]: attmpt opened menu
[21:00:58] [Render thread/INFO]: [me.vierdant.playeremotes.PlayeremotesClient:onClientTick:60]: attmpt opened menu
[21:00:58] [Render thread/INFO]: [me.vierdant.playeremotes.PlayeremotesClient:onClientTick:60]: attmpt opened menu
[21:00:58] [Render thread/INFO]: [me.vierdant.playeremotes.PlayeremotesClient:onClientTick:60]: attmpt opened menu
[21:00:58] [Render thread/INFO]: [me.vierdant.playeremotes.PlayeremotesClient:onClientTick:60]: attmpt opened menu
[21:00:58] [Render thread/INFO]: [me.vierdant.playeremotes.PlayeremotesClient:onClientTick:60]: attmpt opened menu
[21:00:58] [Render thread/INFO]: [me.vierdant.playeremotes.PlayeremotesClient:onClientTick:60]: attmpt opened menu
[21:00:58] [Render thread/INFO]: [me.vierdant.playeremotes.PlayeremotesClient:onClientTick:60]: attmpt opened menu
[21:00:58] [Render thread/INFO]: [me.vierdant.playeremotes.PlayeremotesClient:onClientTick:60]: attmpt opened menu
[21:00:58] [Render thread/INFO]: [me.vierdant.playeremotes.PlayeremotesClient:onClientTick:60]: attmpt opened menu
[21:00:58] [Render thread/INFO]: [me.vierdant.playeremotes.PlayeremotesClient:onClientTick:60]: attmpt opened menu
[21:00:58] [Render thread/INFO]: [me.vierdant.playeremotes.PlayeremotesClient:onClientTick:60]: attmpt opened menu
[21:00:58] [Render thread/INFO]: [me.vierdant.playeremotes.PlayeremotesClient:onClientTick:60]: attmpt opened menu
[21:00:58] [Render thread/INFO]: [me.vierdant.playeremotes.PlayeremotesClient:onClientTick:60]: attmpt opened menu
[21:00:58] [Render thread/INFO]: [me.vierdant.playeremotes.PlayeremotesClient:onClientTick:60]: attmpt opened menu
[21:00:58] [Render thread/INFO]: [me.vierdant.playeremotes.PlayeremotesClient:onClientTick:60]: attmpt opened menu
[21:00:58] [Render thread/INFO]: [me.vierdant.playeremotes.PlayeremotesClient:onClientTick:60]: attmpt opened menu
[21:00:58] [Render thread/INFO]: [me.vierdant.playeremotes.PlayeremotesClient:onClientTick:60]: attmpt opened menu
[21:00:58] [Render thread/INFO]: [me.vierdant.playeremotes.PlayeremotesClient:onClientTick:60]: attmpt opened menu
[21:00:58] [Render thread/INFO]: [me.vierdant.playeremotes.PlayeremotesClient:onClientTick:60]: attmpt opened menu
[21:00:58] [Render thread/INFO]: [me.vierdant.playeremotes.PlayeremotesClient:onClientTick:60]: attmpt opened menu
[21:00:59] [Render thread/INFO]: [me.vierdant.playeremotes.PlayeremotesClient:onClientTick:60]: attmpt opened menu
[21:00:59] [Render thread/INFO]: [me.vierdant.playeremotes.PlayeremotesClient:onClientTick:60]: attmpt opened menu
[21:00:59] [Render thread/INFO]: [me.vierdant.playeremotes.PlayeremotesClient:onClientTick:60]: attmpt opened menu
[21:00:59] [Render thread/INFO]: [me.vierdant.playeremotes.PlayeremotesClient:onClientTick:60]: attmpt opened menu
[21:00:59] [Render thread/INFO]: [me.vierdant.playeremotes.PlayeremotesClient:onClientTick:60]: attmpt opened menu
[21:00:59] [Render thread/INFO]: [me.vierdant.playeremotes.PlayeremotesClient:onClientTick:60]: attmpt opened menu
[21:00:59] [Render thread/INFO]: [me.vierdant.playeremotes.PlayeremotesClient:onClientTick:60]: attmpt opened menu
[21:00:59] [Render thread/INFO]: [me.vierdant.playeremotes.PlayeremotesClient:onClientTick:60]: attmpt opened menu
[21:00:59] [Render thread/INFO]: [me.vierdant.playeremotes.PlayeremotesClient:onClientTick:60]: attmpt opened menu
[21:00:59] [Render thread/INFO]: [me.vierdant.playeremotes.PlayeremotesClient:onClientTick:60]: attmpt opened menu
[21:00:59] [Render thread/INFO]: [me.vierdant.playeremotes.PlayeremotesClient:onClientTick:60]: attmpt opened menu
[21:00:59] [Render thread/INFO]: [me.vierdant.playeremotes.PlayeremotesClient:onClientTick:60]: attmpt opened menu
[21:00:59] [Render thread/INFO]: [me.vierdant.playeremotes.PlayeremotesClient:onClientTick:60]: attmpt opened menu
[21:00:59] [Render thread/INFO]: [me.vierdant.playeremotes.PlayeremotesClient:onClientTick:60]: attmpt opened menu
[21:00:59] [Render thread/INFO]: [me.vierdant.playeremotes.PlayeremotesClient:onClientTick:60]: attmpt opened menu
[21:00:59] [Render thread/INFO]: [me.vierdant.playeremotes.PlayeremotesClient:onClientTick:60]: attmpt opened menu
[21:00:59] [Render thread/INFO]: [me.vierdant.playeremotes.PlayeremotesClient:onClientTick:60]: attmpt opened menu
[21:00:59] [Render thread/INFO]: [me.vierdant.playeremotes.PlayeremotesClient:onClientTick:60]: attmpt opened menu
[21:00:59] [Render thread/INFO]: [me.vierdant.playeremotes.PlayeremotesClient:onClientTick:60]: attmpt opened menu
[21:00:59] [Render thread/INFO]: [me.vierdant.playeremotes.PlayeremotesClient:onClientTick:60]: attmpt opened menu
[21:01:00] [Render thread/INFO]: [me.vierdant.playeremotes.PlayeremotesClient:onClientTick:60]: attmpt opened menu
[21:01:00] [Render thread/INFO]: [me.vierdant.playeremotes.PlayeremotesClient:onClientTick:60]: attmpt opened menu
[21:01:00] [Render thread/INFO]: [me.vierdant.playeremotes.PlayeremotesClient:onClientTick:60]: attmpt opened menu
[21:01:00] [Render thread/INFO]: [me.vierdant.playeremotes.PlayeremotesClient:onClientTick:60]: attmpt opened menu
[21:01:00] [Render thread/INFO]: [me.vierdant.playeremotes.PlayeremotesClient:onClientTick:60]: attmpt opened menu
[21:01:00] [Render thread/INFO]: [me.vierdant.playeremotes.PlayeremotesClient:onClientTick:60]: attmpt opened menu
[21:01:00] [Render thread/INFO]: [me.vierdant.playeremotes.PlayeremotesClient:onClientTick:60]: attmpt opened menu
[21:01:00] [Render thread/INFO]: [me.vierdant.playeremotes.PlayeremotesClient:onClientTick:60]: attmpt opened menu
[21:01:00] [Render thread/INFO]: [me.vierdant.playeremotes.PlayeremotesClient:onClientTick:60]: attmpt opened menu
[21:01:00] [Render thread/INFO]: [me.vierdant.playeremotes.PlayeremotesClient:onClientTick:60]: attmpt opened menu
[21:01:00] [Render thread/INFO]: [me.vierdant.playeremotes.PlayeremotesClient:onClientTick:60]: attmpt opened menu
[21:01:00] [Render thread/INFO]: [me.vierdant.playeremotes.PlayeremotesClient:onClientTick:60]: attmpt opened menu
[21:01:00] [Render thread/INFO]: [me.vierdant.playeremotes.PlayeremotesClient:onClientTick:60]: attmpt opened menu
[21:01:00] [Render thread/INFO]: [me.vierdant.playeremotes.PlayeremotesClient:onClientTick:60]: attmpt opened menu
[21:01:00] [Render thread/INFO]: [me.vierdant.playeremotes.PlayeremotesClient:onClientTick:60]: attmpt opened menu
[21:01:00] [Render thread/INFO]: [me.vierdant.playeremotes.PlayeremotesClient:onClientTick:60]: attmpt opened menu
[21:01:00] [Render thread/INFO]: [me.vierdant.playeremotes.PlayeremotesClient:onClientTick:60]: attmpt opened menu
[21:01:00] [Render thread/INFO]: [me.vierdant.playeremotes.PlayeremotesClient:onClientTick:60]: attmpt opened menu
[21:01:00] [Render thread/INFO]: [me.vierdant.playeremotes.PlayeremotesClient:onClientTick:60]: attmpt opened menu
[21:01:00] [Render thread/INFO]: [me.vierdant.playeremotes.PlayeremotesClient:onClientTick:60]: attmpt opened menu
[21:01:01] [Render thread/INFO]: [me.vierdant.playeremotes.PlayeremotesClient:onClientTick:60]: attmpt opened menu
[21:01:01] [Render thread/INFO]: [me.vierdant.playeremotes.PlayeremotesClient:onClientTick:60]: attmpt opened menu
[21:01:01] [Render thread/INFO]: [me.vierdant.playeremotes.PlayeremotesClient:onClientTick:60]: attmpt opened menu
[21:01:01] [Render thread/INFO]: [me.vierdant.playeremotes.PlayeremotesClient:onClientTick:60]: attmpt opened menu
[21:01:01] [Render thread/INFO]: [me.vierdant.playeremotes.PlayeremotesClient:onClientTick:60]: attmpt opened menu
[21:01:01] [Render thread/INFO]: [me.vierdant.playeremotes.PlayeremotesClient:onClientTick:60]: attmpt opened menu
[21:01:01] [Render thread/INFO]: [me.vierdant.playeremotes.PlayeremotesClient:onClientTick:60]: attmpt opened menu
[21:01:01] [Render thread/INFO]: [me.vierdant.playeremotes.PlayeremotesClient:onClientTick:60]: attmpt opened menu
[21:01:01] [Render thread/INFO]: [me.vierdant.playeremotes.PlayeremotesClient:onClientTick:60]: attmpt opened menu
[21:01:01] [Render thread/INFO]: [me.vierdant.playeremotes.PlayeremotesClient:onClientTick:60]: attmpt opened menu
[21:01:01] [Render thread/INFO]: [me.vierdant.playeremotes.PlayeremotesClient:onClientTick:60]: attmpt opened menu
[21:01:01] [Render thread/INFO]: [me.vierdant.playeremotes.PlayeremotesClient:onClientTick:60]: attmpt opened menu
[21:01:01] [Render thread/INFO]: [me.vierdant.playeremotes.PlayeremotesClient:onClientTick:60]: attmpt opened menu
[21:01:01] [Render thread/INFO]: [me.vierdant.playeremotes.PlayeremotesClient:onClientTick:60]: attmpt opened menu
[21:01:01] [Render thread/INFO]: [me.vierdant.playeremotes.PlayeremotesClient:onClientTick:60]: attmpt opened menu
[21:01:01] [Render thread/INFO]: [me.vierdant.playeremotes.PlayeremotesClient:onClientTick:60]: attmpt opened menu
[21:01:01] [Render thread/INFO]: [me.vierdant.playeremotes.PlayeremotesClient:onClientTick:60]: attmpt opened menu
[21:01:01] [Render thread/INFO]: [me.vierdant.playeremotes.PlayeremotesClient:onClientTick:60]: attmpt opened menu
[21:01:01] [Render thread/INFO]: [me.vierdant.playeremotes.PlayeremotesClient:onClientTick:60]: attmpt opened menu
[21:01:01] [Render thread/INFO]: [me.vierdant.playeremotes.PlayeremotesClient:onClientTick:60]: attmpt opened menu
[21:01:02] [Render thread/INFO]: [me.vierdant.playeremotes.PlayeremotesClient:onClientTick:60]: attmpt opened menu
[21:01:02] [Render thread/INFO]: [me.vierdant.playeremotes.PlayeremotesClient:onClientTick:60]: attmpt opened menu
[21:01:02] [Render thread/INFO]: [me.vierdant.playeremotes.PlayeremotesClient:onClientTick:60]: attmpt opened menu
[21:01:02] [Render thread/INFO]: [me.vierdant.playeremotes.PlayeremotesClient:onClientTick:60]: attmpt opened menu
[21:01:02] [Render thread/INFO]: [me.vierdant.playeremotes.PlayeremotesClient:onClientTick:60]: attmpt opened menu
[21:01:02] [Render thread/INFO]: [me.vierdant.playeremotes.PlayeremotesClient:onClientTick:60]: attmpt opened menu
[21:01:02] [Render thread/INFO]: [me.vierdant.playeremotes.PlayeremotesClient:onClientTick:60]: attmpt opened menu
[21:01:02] [Render thread/INFO]: [me.vierdant.playeremotes.PlayeremotesClient:onClientTick:60]: attmpt opened menu
[21:01:02] [Render thread/INFO]: [me.vierdant.playeremotes.PlayeremotesClient:onClientTick:60]: attmpt opened menu
[21:01:02] [Render thread/INFO]: [me.vierdant.playeremotes.PlayeremotesClient:onClientTick:60]: attmpt opened menu
[21:01:02] [Render thread/INFO]: [me.vierdant.playeremotes.PlayeremotesClient:onClientTick:60]: attmpt opened menu
[21:01:02] [Render thread/INFO]: [me.vierdant.playeremotes.PlayeremotesClient:onClientTick:60]: attmpt opened menu
[21:01:02] [Render thread/INFO]: [me.vierdant.playeremotes.PlayeremotesClient:onClientTick:60]: attmpt opened menu
[21:01:02] [Render thread/INFO]: [me.vierdant.playeremotes.PlayeremotesClient:onClientTick:60]: attmpt opened menu
[21:01:02] [Render thread/INFO]: [me.vierdant.playeremotes.PlayeremotesClient:onClientTick:60]: attmpt opened menu
[21:01:02] [Render thread/INFO]: [me.vierdant.playeremotes.PlayeremotesClient:onClientTick:60]: attmpt opened menu
[21:01:02] [Render thread/INFO]: [me.vierdant.playeremotes.PlayeremotesClient:onClientTick:60]: attmpt opened menu
[21:01:02] [Render thread/INFO]: [me.vierdant.playeremotes.PlayeremotesClient:onClientTick:60]: attmpt opened menu
[21:01:02] [Render thread/INFO]: [me.vierdant.playeremotes.PlayeremotesClient:onClientTick:60]: attmpt opened menu
[21:01:02] [Render thread/INFO]: [me.vierdant.playeremotes.PlayeremotesClient:onClientTick:60]: attmpt opened menu
[21:01:03] [Render thread/INFO]: [me.vierdant.playeremotes.PlayeremotesClient:onClientTick:60]: attmpt opened menu
[21:01:03] [Render thread/INFO]: [me.vierdant.playeremotes.PlayeremotesClient:onClientTick:60]: attmpt opened menu
[21:01:03] [Render thread/INFO]: [me.vierdant.playeremotes.PlayeremotesClient:onClientTick:60]: attmpt opened menu
[21:01:03] [Render thread/INFO]: [me.vierdant.playeremotes.PlayeremotesClient:onClientTick:60]: attmpt opened menu
[21:01:03] [Render thread/INFO]: [me.vierdant.playeremotes.PlayeremotesClient:onClientTick:60]: attmpt opened menu
[21:01:03] [Render thread/INFO]: [me.vierdant.playeremotes.PlayeremotesClient:onClientTick:60]: attmpt opened menu
[21:01:03] [Render thread/INFO]: [me.vierdant.playeremotes.PlayeremotesClient:onClientTick:60]: attmpt opened menu
[21:01:03] [Render thread/INFO]: [me.vierdant.playeremotes.PlayeremotesClient:onClientTick:60]: attmpt opened menu
[21:01:03] [Render thread/INFO]: [me.vierdant.playeremotes.PlayeremotesClient:onClientTick:60]: attmpt opened menu
[21:01:03] [Render thread/INFO]: [me.vierdant.playeremotes.PlayeremotesClient:onClientTick:60]: attmpt opened menu
[21:01:03] [Render thread/INFO]: [me.vierdant.playeremotes.PlayeremotesClient:onClientTick:60]: attmpt opened menu
[21:01:03] [Render thread/INFO]: [me.vierdant.playeremotes.PlayeremotesClient:onClientTick:60]: attmpt opened menu
[21:01:03] [Render thread/INFO]: [me.vierdant.playeremotes.PlayeremotesClient:onClientTick:60]: attmpt opened menu
[21:01:03] [Render thread/INFO]: [me.vierdant.playeremotes.PlayeremotesClient:onClientTick:60]: attmpt opened menu
[21:01:03] [Render thread/INFO]: [me.vierdant.playeremotes.PlayeremotesClient:onClientTick:60]: attmpt opened menu
[21:01:03] [Render thread/INFO]: [me.vierdant.playeremotes.PlayeremotesClient:onClientTick:60]: attmpt opened menu
[21:01:03] [Render thread/INFO]: [me.vierdant.playeremotes.PlayeremotesClient:onClientTick:60]: attmpt opened menu
[21:01:03] [Render thread/INFO]: [me.vierdant.playeremotes.PlayeremotesClient:onClientTick:60]: attmpt opened menu
[21:01:03] [Render thread/INFO]: [me.vierdant.playeremotes.PlayeremotesClient:onClientTick:60]: attmpt opened menu
[21:01:03] [Render thread/INFO]: [me.vierdant.playeremotes.PlayeremotesClient:onClientTick:60]: attmpt opened menu
[21:01:04] [Render thread/INFO]: [me.vierdant.playeremotes.PlayeremotesClient:onClientTick:60]: attmpt opened menu
[21:01:04] [Render thread/INFO]: [me.vierdant.playeremotes.PlayeremotesClient:onClientTick:60]: attmpt opened menu
[21:01:04] [Render thread/INFO]: [me.vierdant.playeremotes.PlayeremotesClient:onClientTick:60]: attmpt opened menu
[21:01:04] [Render thread/INFO]: [me.vierdant.playeremotes.PlayeremotesClient:onClientTick:60]: attmpt opened menu
[21:01:04] [Render thread/INFO]: [me.vierdant.playeremotes.PlayeremotesClient:onClientTick:60]: attmpt opened menu
[21:01:04] [Render thread/INFO]: [me.vierdant.playeremotes.PlayeremotesClient:onClientTick:60]: attmpt opened menu
[21:01:04] [Render thread/INFO]: [me.vierdant.playeremotes.PlayeremotesClient:onClientTick:60]: attmpt opened menu
[21:01:04] [Render thread/INFO]: [me.vierdant.playeremotes.PlayeremotesClient:onClientTick:60]: attmpt opened menu
[21:01:04] [Render thread/INFO]: [me.vierdant.playeremotes.PlayeremotesClient:onClientTick:60]: attmpt opened menu
[21:01:04] [Render thread/INFO]: [me.vierdant.playeremotes.PlayeremotesClient:onClientTick:60]: attmpt opened menu
[21:01:04] [Render thread/INFO]: [me.vierdant.playeremotes.PlayeremotesClient:onClientTick:60]: attmpt opened menu
[21:01:04] [Render thread/INFO]: [me.vierdant.playeremotes.PlayeremotesClient:onClientTick:60]: attmpt opened menu
[21:01:04] [Render thread/INFO]: [me.vierdant.playeremotes.PlayeremotesClient:onClientTick:60]: attmpt opened menu
[21:01:04] [Render thread/INFO]: [me.vierdant.playeremotes.PlayeremotesClient:onClientTick:60]: attmpt opened menu
[21:01:04] [Render thread/INFO]: [me.vierdant.playeremotes.PlayeremotesClient:onClientTick:60]: attmpt opened menu
[21:01:04] [Render thread/INFO]: [me.vierdant.playeremotes.PlayeremotesClient:onClientTick:60]: attmpt opened menu
[21:01:04] [Render thread/INFO]: [me.vierdant.playeremotes.PlayeremotesClient:onClientTick:60]: attmpt opened menu
[21:01:04] [Render thread/INFO]: [me.vierdant.playeremotes.PlayeremotesClient:onClientTick:60]: attmpt opened menu
[21:01:04] [Render thread/INFO]: [me.vierdant.playeremotes.PlayeremotesClient:onClientTick:60]: attmpt opened menu
[21:01:04] [Render thread/INFO]: [me.vierdant.playeremotes.PlayeremotesClient:onClientTick:60]: attmpt opened menu
[21:01:05] [Render thread/INFO]: [me.vierdant.playeremotes.PlayeremotesClient:onClientTick:60]: attmpt opened menu
[21:01:05] [Render thread/INFO]: [me.vierdant.playeremotes.PlayeremotesClient:onClientTick:60]: attmpt opened menu
[21:01:05] [Render thread/INFO]: [me.vierdant.playeremotes.PlayeremotesClient:onClientTick:60]: attmpt opened menu
[21:01:05] [Render thread/INFO]: [me.vierdant.playeremotes.PlayeremotesClient:onClientTick:60]: attmpt opened menu
[21:01:05] [Render thread/INFO]: [me.vierdant.playeremotes.PlayeremotesClient:onClientTick:60]: attmpt opened menu
[21:01:05] [Render thread/INFO]: [me.vierdant.playeremotes.PlayeremotesClient:onClientTick:60]: attmpt opened menu
[21:01:05] [Render thread/INFO]: [me.vierdant.playeremotes.PlayeremotesClient:onClientTick:60]: attmpt opened menu
[21:01:05] [Render thread/INFO]: [me.vierdant.playeremotes.PlayeremotesClient:onClientTick:60]: attmpt opened menu
[21:01:05] [Render thread/INFO]: [me.vierdant.playeremotes.PlayeremotesClient:onClientTick:60]: attmpt opened menu
[21:01:05] [Render thread/INFO]: [me.vierdant.playeremotes.PlayeremotesClient:onClientTick:60]: attmpt opened menu
[21:01:05] [Render thread/INFO]: [me.vierdant.playeremotes.PlayeremotesClient:onClientTick:60]: attmpt opened menu
[21:01:05] [Render thread/INFO]: [me.vierdant.playeremotes.PlayeremotesClient:onClientTick:60]: attmpt opened menu
[21:01:05] [Render thread/INFO]: [me.vierdant.playeremotes.PlayeremotesClient:onClientTick:60]: attmpt opened menu
[21:01:05] [Render thread/INFO]: [me.vierdant.playeremotes.PlayeremotesClient:onClientTick:60]: attmpt opened menu
[21:01:05] [Render thread/INFO]: [me.vierdant.playeremotes.PlayeremotesClient:onClientTick:60]: attmpt opened menu
[21:01:05] [Render thread/INFO]: [me.vierdant.playeremotes.PlayeremotesClient:onClientTick:60]: attmpt opened menu
[21:01:05] [Render thread/INFO]: [me.vierdant.playeremotes.PlayeremotesClient:onClientTick:60]: attmpt opened menu
[21:01:05] [Render thread/INFO]: [me.vierdant.playeremotes.PlayeremotesClient:onClientTick:60]: attmpt opened menu
[21:01:05] [Render thread/INFO]: [me.vierdant.playeremotes.PlayeremotesClient:onClientTick:60]: attmpt opened menu
[21:01:05] [Render thread/INFO]: [me.vierdant.playeremotes.PlayeremotesClient:onClientTick:60]: attmpt opened menu
[21:01:06] [Render thread/INFO]: [me.vierdant.playeremotes.PlayeremotesClient:onClientTick:60]: attmpt opened menu
[21:01:06] [Render thread/INFO]: [me.vierdant.playeremotes.PlayeremotesClient:onClientTick:60]: attmpt opened menu
[21:01:06] [Render thread/INFO]: [me.vierdant.playeremotes.PlayeremotesClient:onClientTick:60]: attmpt opened menu
[21:01:06] [Render thread/INFO]: [me.vierdant.playeremotes.PlayeremotesClient:onClientTick:60]: attmpt opened menu
[21:01:06] [Render thread/INFO]: [me.vierdant.playeremotes.PlayeremotesClient:onClientTick:60]: attmpt opened menu
[21:01:06] [Render thread/INFO]: [me.vierdant.playeremotes.PlayeremotesClient:onClientTick:60]: attmpt opened menu
[21:01:06] [Render thread/INFO]: [me.vierdant.playeremotes.PlayeremotesClient:onClientTick:60]: attmpt opened menu
[21:01:06] [Render thread/INFO]: [me.vierdant.playeremotes.PlayeremotesClient:onClientTick:60]: attmpt opened menu
[21:01:06] [Render thread/INFO]: [me.vierdant.playeremotes.PlayeremotesClient:onClientTick:60]: attmpt opened menu
[21:01:06] [Render thread/INFO]: [me.vierdant.playeremotes.PlayeremotesClient:onClientTick:60]: attmpt opened menu
[21:01:06] [Render thread/INFO]: [me.vierdant.playeremotes.PlayeremotesClient:onClientTick:60]: attmpt opened menu
[21:01:06] [Render thread/INFO]: [me.vierdant.playeremotes.PlayeremotesClient:onClientTick:60]: attmpt opened menu
[21:01:06] [Render thread/INFO]: [me.vierdant.playeremotes.PlayeremotesClient:onClientTick:60]: attmpt opened menu
[21:01:06] [Render thread/INFO]: [me.vierdant.playeremotes.PlayeremotesClient:onClientTick:60]: attmpt opened menu
[21:01:06] [Render thread/INFO]: [me.vierdant.playeremotes.PlayeremotesClient:onClientTick:60]: attmpt opened menu
[21:01:06] [Render thread/INFO]: [me.vierdant.playeremotes.PlayeremotesClient:onClientTick:60]: attmpt opened menu
[21:01:06] [Render thread/INFO]: [me.vierdant.playeremotes.PlayeremotesClient:onClientTick:60]: attmpt opened menu
[21:01:06] [Render thread/INFO]: [me.vierdant.playeremotes.PlayeremotesClient:onClientTick:60]: attmpt opened menu
[21:01:06] [Render thread/INFO]: [me.vierdant.playeremotes.PlayeremotesClient:onClientTick:60]: attmpt opened menu
[21:01:06] [Render thread/INFO]: [me.vierdant.playeremotes.PlayeremotesClient:onClientTick:60]: attmpt opened menu
[21:01:07] [Render thread/INFO]: [me.vierdant.playeremotes.PlayeremotesClient:onClientTick:60]: attmpt opened menu
[21:01:07] [Render thread/INFO]: [me.vierdant.playeremotes.PlayeremotesClient:onClientTick:60]: attmpt opened menu
[21:01:07] [Render thread/INFO]: [me.vierdant.playeremotes.PlayeremotesClient:onClientTick:60]: attmpt opened menu
[21:01:07] [Render thread/INFO]: [me.vierdant.playeremotes.PlayeremotesClient:onClientTick:60]: attmpt opened menu
[21:01:07] [Render thread/INFO]: [me.vierdant.playeremotes.PlayeremotesClient:onClientTick:60]: attmpt opened menu
[21:01:07] [Render thread/INFO]: [me.vierdant.playeremotes.PlayeremotesClient:onClientTick:60]: attmpt opened menu
[21:01:07] [Render thread/INFO]: [me.vierdant.playeremotes.PlayeremotesClient:onClientTick:60]: attmpt opened menu
[21:01:07] [Render thread/INFO]: [me.vierdant.playeremotes.PlayeremotesClient:onClientTick:60]: attmpt opened menu
[21:01:07] [Render thread/INFO]: [me.vierdant.playeremotes.PlayeremotesClient:onClientTick:60]: attmpt opened menu
[21:01:07] [Render thread/INFO]: [me.vierdant.playeremotes.PlayeremotesClient:onClientTick:60]: attmpt opened menu
[21:01:07] [Render thread/INFO]: [me.vierdant.playeremotes.PlayeremotesClient:onClientTick:60]: attmpt opened menu
[21:01:07] [Render thread/INFO]: [me.vierdant.playeremotes.PlayeremotesClient:onClientTick:60]: attmpt opened menu
[21:01:07] [Render thread/INFO]: [me.vierdant.playeremotes.PlayeremotesClient:onClientTick:60]: attmpt opened menu
[21:01:07] [Render thread/INFO]: [me.vierdant.playeremotes.PlayeremotesClient:onClientTick:60]: attmpt opened menu
[21:01:07] [Render thread/INFO]: [me.vierdant.playeremotes.PlayeremotesClient:onClientTick:60]: attmpt opened menu
[21:01:07] [Render thread/INFO]: [me.vierdant.playeremotes.PlayeremotesClient:onClientTick:60]: attmpt opened menu
[21:01:07] [Render thread/INFO]: [me.vierdant.playeremotes.PlayeremotesClient:onClientTick:60]: attmpt opened menu
[21:01:07] [Render thread/INFO]: [me.vierdant.playeremotes.PlayeremotesClient:onClientTick:60]: attmpt opened menu
[21:01:07] [Render thread/INFO]: [me.vierdant.playeremotes.PlayeremotesClient:onClientTick:60]: attmpt opened menu
[21:01:07] [Render thread/INFO]: [me.vierdant.playeremotes.PlayeremotesClient:onClientTick:60]: attmpt opened menu
[21:01:08] [Render thread/INFO]: [me.vierdant.playeremotes.PlayeremotesClient:onClientTick:60]: attmpt opened menu
[21:01:08] [Render thread/INFO]: [me.vierdant.playeremotes.PlayeremotesClient:onClientTick:60]: attmpt opened menu
[21:01:08] [Render thread/INFO]: [me.vierdant.playeremotes.PlayeremotesClient:onClientTick:60]: attmpt opened menu
[21:01:08] [Render thread/INFO]: [me.vierdant.playeremotes.PlayeremotesClient:onClientTick:60]: attmpt opened menu
[21:01:08] [Render thread/INFO]: [me.vierdant.playeremotes.PlayeremotesClient:onClientTick:60]: attmpt opened menu
[21:01:08] [Render thread/INFO]: [me.vierdant.playeremotes.PlayeremotesClient:onClientTick:60]: attmpt opened menu
[21:01:08] [Render thread/INFO]: [me.vierdant.playeremotes.PlayeremotesClient:onClientTick:60]: attmpt opened menu
[21:01:08] [Render thread/INFO]: [me.vierdant.playeremotes.PlayeremotesClient:onClientTick:60]: attmpt opened menu
[21:01:08] [Render thread/INFO]: [me.vierdant.playeremotes.PlayeremotesClient:onClientTick:60]: attmpt opened menu
[21:01:08] [Render thread/INFO]: [me.vierdant.playeremotes.PlayeremotesClient:onClientTick:60]: attmpt opened menu
[21:01:08] [Render thread/INFO]: [me.vierdant.playeremotes.PlayeremotesClient:onClientTick:60]: attmpt opened menu
[21:01:08] [Render thread/INFO]: [me.vierdant.playeremotes.PlayeremotesClient:onClientTick:60]: attmpt opened menu
[21:01:08] [Render thread/INFO]: [me.vierdant.playeremotes.PlayeremotesClient:onClientTick:60]: attmpt opened menu
[21:01:08] [Render thread/INFO]: [me.vierdant.playeremotes.PlayeremotesClient:onClientTick:60]: attmpt opened menu
[21:01:08] [Render thread/INFO]: [me.vierdant.playeremotes.PlayeremotesClient:onClientTick:60]: attmpt opened menu
[21:01:08] [Render thread/INFO]: [me.vierdant.playeremotes.PlayeremotesClient:onClientTick:60]: attmpt opened menu
[21:01:08] [Render thread/INFO]: [me.vierdant.playeremotes.PlayeremotesClient:onClientTick:60]: attmpt opened menu
[21:01:08] [Render thread/INFO]: [me.vierdant.playeremotes.PlayeremotesClient:onClientTick:60]: attmpt opened menu
[21:01:08] [Render thread/INFO]: [me.vierdant.playeremotes.PlayeremotesClient:onClientTick:60]: attmpt opened menu
[21:01:08] [Render thread/INFO]: [me.vierdant.playeremotes.PlayeremotesClient:onClientTick:60]: attmpt opened menu
[21:01:09] [Render thread/INFO]: [me.vierdant.playeremotes.PlayeremotesClient:onClientTick:60]: attmpt opened menu
[21:01:09] [Render thread/INFO]: [me.vierdant.playeremotes.PlayeremotesClient:onClientTick:60]: attmpt opened menu
[21:01:09] [Render thread/INFO]: [me.vierdant.playeremotes.PlayeremotesClient:onClientTick:60]: attmpt opened menu
[21:01:09] [Render thread/INFO]: [me.vierdant.playeremotes.PlayeremotesClient:onClientTick:60]: attmpt opened menu
[21:01:09] [Render thread/INFO]: [me.vierdant.playeremotes.PlayeremotesClient:onClientTick:60]: attmpt opened menu
[21:01:09] [Render thread/INFO]: [me.vierdant.playeremotes.PlayeremotesClient:onClientTick:60]: attmpt opened menu
[21:01:09] [Render thread/INFO]: [me.vierdant.playeremotes.PlayeremotesClient:onClientTick:60]: attmpt opened menu
[21:01:09] [Render thread/INFO]: [me.vierdant.playeremotes.PlayeremotesClient:onClientTick:60]: attmpt opened menu
[21:01:09] [Render thread/INFO]: [me.vierdant.playeremotes.PlayeremotesClient:onClientTick:60]: attmpt opened menu
[21:01:09] [Render thread/INFO]: [me.vierdant.playeremotes.PlayeremotesClient:onClientTick:60]: attmpt opened menu
[21:01:09] [Render thread/INFO]: [me.vierdant.playeremotes.PlayeremotesClient:onClientTick:60]: attmpt opened menu
[21:01:09] [Render thread/INFO]: [me.vierdant.playeremotes.PlayeremotesClient:onClientTick:60]: attmpt opened menu
[21:01:09] [Render thread/INFO]: [me.vierdant.playeremotes.PlayeremotesClient:onClientTick:60]: attmpt opened menu
[21:01:09] [Render thread/INFO]: [me.vierdant.playeremotes.PlayeremotesClient:onClientTick:60]: attmpt opened menu
[21:01:09] [Render thread/INFO]: [me.vierdant.playeremotes.PlayeremotesClient:onClientTick:60]: attmpt opened menu
[21:01:09] [Render thread/INFO]: [me.vierdant.playeremotes.PlayeremotesClient:onClientTick:60]: attmpt opened menu
[21:01:09] [Render thread/INFO]: [me.vierdant.playeremotes.PlayeremotesClient:onClientTick:60]: attmpt opened menu
[21:01:09] [Render thread/INFO]: [me.vierdant.playeremotes.PlayeremotesClient:onClientTick:60]: attmpt opened menu
[21:01:09] [Render thread/INFO]: [me.vierdant.playeremotes.PlayeremotesClient:onClientTick:60]: attmpt opened menu
[21:01:09] [Render thread/INFO]: [me.vierdant.playeremotes.PlayeremotesClient:onClientTick:60]: attmpt opened menu
[21:01:10] [Render thread/INFO]: [me.vierdant.playeremotes.PlayeremotesClient:onClientTick:60]: attmpt opened menu
[21:01:10] [Render thread/INFO]: [me.vierdant.playeremotes.PlayeremotesClient:onClientTick:60]: attmpt opened menu
[21:01:10] [Render thread/INFO]: [me.vierdant.playeremotes.PlayeremotesClient:onClientTick:60]: attmpt opened menu
[21:01:10] [Render thread/INFO]: [me.vierdant.playeremotes.PlayeremotesClient:onClientTick:60]: attmpt opened menu
[21:01:10] [Render thread/INFO]: [me.vierdant.playeremotes.PlayeremotesClient:onClientTick:60]: attmpt opened menu
[21:01:10] [Render thread/INFO]: [me.vierdant.playeremotes.PlayeremotesClient:onClientTick:60]: attmpt opened menu
[21:01:10] [Render thread/INFO]: [me.vierdant.playeremotes.PlayeremotesClient:onClientTick:60]: attmpt opened menu
[21:01:10] [Render thread/INFO]: [me.vierdant.playeremotes.PlayeremotesClient:onClientTick:60]: attmpt opened menu
[21:01:10] [Render thread/INFO]: [me.vierdant.playeremotes.PlayeremotesClient:onClientTick:60]: attmpt opened menu
[21:01:10] [Render thread/INFO]: [me.vierdant.playeremotes.PlayeremotesClient:onClientTick:60]: attmpt opened menu
[21:01:10] [Render thread/INFO]: [me.vierdant.playeremotes.PlayeremotesClient:onClientTick:60]: attmpt opened menu
[21:01:10] [Render thread/INFO]: [me.vierdant.playeremotes.PlayeremotesClient:onClientTick:60]: attmpt opened menu
[21:01:10] [Render thread/INFO]: [me.vierdant.playeremotes.PlayeremotesClient:onClientTick:60]: attmpt opened menu
[21:01:10] [Render thread/INFO]: [me.vierdant.playeremotes.PlayeremotesClient:onClientTick:60]: attmpt opened menu
[21:01:10] [Render thread/INFO]: [me.vierdant.playeremotes.PlayeremotesClient:onClientTick:60]: attmpt opened menu
[21:01:10] [Render thread/INFO]: [me.vierdant.playeremotes.PlayeremotesClient:onClientTick:60]: attmpt opened menu
[21:01:10] [Render thread/INFO]: [me.vierdant.playeremotes.PlayeremotesClient:onClientTick:60]: attmpt opened menu
[21:01:10] [Render thread/INFO]: [me.vierdant.playeremotes.PlayeremotesClient:onClientTick:60]: attmpt opened menu
[21:01:10] [Render thread/INFO]: [me.vierdant.playeremotes.PlayeremotesClient:onClientTick:60]: attmpt opened menu
[21:01:10] [Render thread/INFO]: [me.vierdant.playeremotes.PlayeremotesClient:onClientTick:60]: attmpt opened menu
[21:01:11] [Render thread/INFO]: [me.vierdant.playeremotes.PlayeremotesClient:onClientTick:60]: attmpt opened menu
[21:01:11] [Render thread/INFO]: [me.vierdant.playeremotes.PlayeremotesClient:onClientTick:60]: attmpt opened menu
[21:01:11] [Render thread/INFO]: [me.vierdant.playeremotes.PlayeremotesClient:onClientTick:60]: attmpt opened menu
[21:01:11] [Render thread/INFO]: [me.vierdant.playeremotes.PlayeremotesClient:onClientTick:60]: attmpt opened menu
[21:01:11] [Render thread/INFO]: [me.vierdant.playeremotes.PlayeremotesClient:onClientTick:60]: attmpt opened menu
[21:01:11] [Render thread/INFO]: [me.vierdant.playeremotes.PlayeremotesClient:onClientTick:60]: attmpt opened menu
[21:01:11] [Render thread/INFO]: [me.vierdant.playeremotes.PlayeremotesClient:onClientTick:60]: attmpt opened menu
[21:01:11] [Render thread/INFO]: [me.vierdant.playeremotes.PlayeremotesClient:onClientTick:60]: attmpt opened menu
[21:01:11] [Render thread/INFO]: [me.vierdant.playeremotes.PlayeremotesClient:onClientTick:60]: attmpt opened menu
[21:01:11] [Render thread/INFO]: [me.vierdant.playeremotes.PlayeremotesClient:onClientTick:60]: attmpt opened menu
[21:01:11] [Render thread/INFO]: [me.vierdant.playeremotes.PlayeremotesClient:onClientTick:60]: attmpt opened menu
[21:01:11] [Render thread/INFO]: [me.vierdant.playeremotes.PlayeremotesClient:onClientTick:60]: attmpt opened menu
[21:01:11] [Render thread/INFO]: [me.vierdant.playeremotes.PlayeremotesClient:onClientTick:60]: attmpt opened menu
[21:01:11] [Render thread/INFO]: [me.vierdant.playeremotes.PlayeremotesClient:onClientTick:60]: attmpt opened menu
[21:01:11] [Render thread/INFO]: [me.vierdant.playeremotes.PlayeremotesClient:onClientTick:60]: attmpt opened menu
[21:01:11] [Render thread/INFO]: [me.vierdant.playeremotes.PlayeremotesClient:onClientTick:60]: attmpt opened menu
[21:01:11] [Render thread/INFO]: [me.vierdant.playeremotes.PlayeremotesClient:onClientTick:60]: attmpt opened menu
[21:01:11] [Render thread/INFO]: [me.vierdant.playeremotes.PlayeremotesClient:onClientTick:60]: attmpt opened menu
[21:01:11] [Render thread/INFO]: [me.vierdant.playeremotes.PlayeremotesClient:onClientTick:60]: attmpt opened menu
[21:01:11] [Render thread/INFO]: [me.vierdant.playeremotes.PlayeremotesClient:onClientTick:60]: attmpt opened menu
[21:01:12] [Render thread/INFO]: [me.vierdant.playeremotes.PlayeremotesClient:onClientTick:60]: attmpt opened menu
[21:01:12] [Render thread/INFO]: [me.vierdant.playeremotes.PlayeremotesClient:onClientTick:60]: attmpt opened menu
[21:01:12] [Render thread/INFO]: [me.vierdant.playeremotes.PlayeremotesClient:onClientTick:60]: attmpt opened menu
[21:01:12] [Render thread/INFO]: [me.vierdant.playeremotes.PlayeremotesClient:onClientTick:60]: attmpt opened menu
[21:01:12] [Render thread/INFO]: [me.vierdant.playeremotes.PlayeremotesClient:onClientTick:60]: attmpt opened menu
[21:01:12] [Render thread/INFO]: [me.vierdant.playeremotes.PlayeremotesClient:onClientTick:60]: attmpt opened menu
[21:01:12] [Render thread/INFO]: [me.vierdant.playeremotes.PlayeremotesClient:onClientTick:60]: attmpt opened menu
[21:01:12] [Render thread/INFO]: [me.vierdant.playeremotes.PlayeremotesClient:onClientTick:60]: attmpt opened menu
[21:01:12] [Render thread/INFO]: [me.vierdant.playeremotes.PlayeremotesClient:onClientTick:60]: attmpt opened menu
[21:01:12] [Render thread/INFO]: [me.vierdant.playeremotes.PlayeremotesClient:onClientTick:60]: attmpt opened menu
[21:01:12] [Render thread/INFO]: [me.vierdant.playeremotes.PlayeremotesClient:onClientTick:60]: attmpt opened menu
[21:01:12] [Render thread/INFO]: [me.vierdant.playeremotes.PlayeremotesClient:onClientTick:60]: attmpt opened menu
[21:01:12] [Render thread/INFO]: [me.vierdant.playeremotes.PlayeremotesClient:onClientTick:60]: attmpt opened menu
[21:01:12] [Render thread/INFO]: [me.vierdant.playeremotes.PlayeremotesClient:onClientTick:60]: attmpt opened menu
[21:01:12] [Render thread/INFO]: [me.vierdant.playeremotes.PlayeremotesClient:onClientTick:60]: attmpt opened menu
[21:01:12] [Render thread/INFO]: [me.vierdant.playeremotes.PlayeremotesClient:onClientTick:60]: attmpt opened menu
[21:01:12] [Render thread/INFO]: [me.vierdant.playeremotes.PlayeremotesClient:onClientTick:60]: attmpt opened menu
[21:01:12] [Render thread/INFO]: [me.vierdant.playeremotes.PlayeremotesClient:onClientTick:60]: attmpt opened menu
[21:01:12] [Render thread/INFO]: [me.vierdant.playeremotes.PlayeremotesClient:onClientTick:60]: attmpt opened menu
[21:01:12] [Render thread/INFO]: [me.vierdant.playeremotes.PlayeremotesClient:onClientTick:60]: attmpt opened menu
[21:01:13] [Render thread/INFO]: [me.vierdant.playeremotes.PlayeremotesClient:onClientTick:60]: attmpt opened menu
[21:01:13] [Render thread/INFO]: [me.vierdant.playeremotes.PlayeremotesClient:onClientTick:60]: attmpt opened menu
[21:01:13] [Render thread/INFO]: [me.vierdant.playeremotes.PlayeremotesClient:onClientTick:60]: attmpt opened menu
[21:01:13] [Render thread/INFO]: [me.vierdant.playeremotes.PlayeremotesClient:onClientTick:60]: attmpt opened menu
[21:01:13] [Render thread/INFO]: [me.vierdant.playeremotes.PlayeremotesClient:onClientTick:60]: attmpt opened menu
[21:01:13] [Render thread/INFO]: [me.vierdant.playeremotes.PlayeremotesClient:onClientTick:60]: attmpt opened menu
[21:01:13] [Render thread/INFO]: [me.vierdant.playeremotes.PlayeremotesClient:onClientTick:60]: attmpt opened menu
[21:01:13] [Render thread/INFO]: [me.vierdant.playeremotes.PlayeremotesClient:onClientTick:60]: attmpt opened menu
[21:01:13] [Render thread/INFO]: [me.vierdant.playeremotes.PlayeremotesClient:onClientTick:60]: attmpt opened menu
[21:01:13] [Render thread/INFO]: [me.vierdant.playeremotes.PlayeremotesClient:onClientTick:60]: attmpt opened menu
[21:01:13] [Render thread/INFO]: [me.vierdant.playeremotes.PlayeremotesClient:onClientTick:60]: attmpt opened menu
[21:01:13] [Render thread/INFO]: [me.vierdant.playeremotes.PlayeremotesClient:onClientTick:60]: attmpt opened menu
[21:01:13] [Render thread/INFO]: [me.vierdant.playeremotes.PlayeremotesClient:onClientTick:60]: attmpt opened menu
[21:01:13] [Render thread/INFO]: [me.vierdant.playeremotes.PlayeremotesClient:onClientTick:60]: attmpt opened menu
[21:01:13] [Render thread/INFO]: [me.vierdant.playeremotes.PlayeremotesClient:onClientTick:60]: attmpt opened menu
[21:01:13] [Render thread/INFO]: [me.vierdant.playeremotes.PlayeremotesClient:onClientTick:60]: attmpt opened menu
[21:01:13] [Render thread/INFO]: [me.vierdant.playeremotes.PlayeremotesClient:onClientTick:60]: attmpt opened menu
[21:01:13] [Render thread/INFO]: [me.vierdant.playeremotes.PlayeremotesClient:onClientTick:60]: attmpt opened menu
[21:01:13] [Render thread/INFO]: [me.vierdant.playeremotes.PlayeremotesClient:onClientTick:60]: attmpt opened menu
[21:01:13] [Render thread/INFO]: [me.vierdant.playeremotes.PlayeremotesClient:onClientTick:60]: attmpt opened menu
[21:01:14] [Render thread/INFO]: [me.vierdant.playeremotes.PlayeremotesClient:onClientTick:60]: attmpt opened menu
[21:01:14] [Render thread/INFO]: [me.vierdant.playeremotes.PlayeremotesClient:onClientTick:60]: attmpt opened menu
[21:01:14] [Render thread/INFO]: [me.vierdant.playeremotes.PlayeremotesClient:onClientTick:60]: attmpt opened menu
[21:01:14] [Render thread/INFO]: [me.vierdant.playeremotes.PlayeremotesClient:onClientTick:60]: attmpt opened menu
[21:01:14] [Render thread/INFO]: [me.vierdant.playeremotes.PlayeremotesClient:onClientTick:60]: attmpt opened menu
[21:01:14] [Render thread/INFO]: [me.vierdant.playeremotes.PlayeremotesClient:onClientTick:60]: attmpt opened menu
[21:01:14] [Render thread/INFO]: [me.vierdant.playeremotes.PlayeremotesClient:onClientTick:60]: attmpt opened menu
[21:01:14] [Render thread/INFO]: [me.vierdant.playeremotes.PlayeremotesClient:onClientTick:60]: attmpt opened menu
[21:01:14] [Render thread/INFO]: [me.vierdant.playeremotes.PlayeremotesClient:onClientTick:60]: attmpt opened menu
[21:01:14] [Render thread/INFO]: [me.vierdant.playeremotes.PlayeremotesClient:onClientTick:60]: attmpt opened menu
[21:01:14] [Render thread/INFO]: [me.vierdant.playeremotes.PlayeremotesClient:onClientTick:60]: attmpt opened menu
[21:01:14] [Render thread/INFO]: [me.vierdant.playeremotes.PlayeremotesClient:onClientTick:60]: attmpt opened menu
[21:01:14] [Render thread/INFO]: [me.vierdant.playeremotes.PlayeremotesClient:onClientTick:60]: attmpt opened menu
[21:01:14] [Render thread/INFO]: [me.vierdant.playeremotes.PlayeremotesClient:onClientTick:60]: attmpt opened menu
[21:01:14] [Render thread/INFO]: [me.vierdant.playeremotes.PlayeremotesClient:onClientTick:60]: attmpt opened menu
[21:01:14] [Render thread/INFO]: [me.vierdant.playeremotes.PlayeremotesClient:onClientTick:60]: attmpt opened menu
[21:01:14] [Render thread/INFO]: [me.vierdant.playeremotes.PlayeremotesClient:onClientTick:60]: attmpt opened menu
[21:01:14] [Render thread/INFO]: [me.vierdant.playeremotes.PlayeremotesClient:onClientTick:60]: attmpt opened menu
[21:01:14] [Render thread/INFO]: [me.vierdant.playeremotes.PlayeremotesClient:onClientTick:60]: attmpt opened menu
[21:01:14] [Render thread/INFO]: [me.vierdant.playeremotes.PlayeremotesClient:onClientTick:60]: attmpt opened menu
[21:01:15] [Render thread/INFO]: [me.vierdant.playeremotes.PlayeremotesClient:onClientTick:60]: attmpt opened menu
[21:01:15] [Render thread/INFO]: [me.vierdant.playeremotes.PlayeremotesClient:onClientTick:60]: attmpt opened menu
[21:01:15] [Render thread/INFO]: [me.vierdant.playeremotes.PlayeremotesClient:onClientTick:60]: attmpt opened menu
[21:01:15] [Render thread/INFO]: [me.vierdant.playeremotes.PlayeremotesClient:onClientTick:60]: attmpt opened menu
[21:01:15] [Render thread/INFO]: [me.vierdant.playeremotes.PlayeremotesClient:onClientTick:60]: attmpt opened menu
[21:01:15] [Render thread/INFO]: [me.vierdant.playeremotes.PlayeremotesClient:onClientTick:60]: attmpt opened menu
[21:01:15] [Render thread/INFO]: [me.vierdant.playeremotes.PlayeremotesClient:onClientTick:60]: attmpt opened menu
[21:01:15] [Render thread/INFO]: [me.vierdant.playeremotes.PlayeremotesClient:onClientTick:60]: attmpt opened menu
[21:01:15] [Render thread/INFO]: [me.vierdant.playeremotes.PlayeremotesClient:onClientTick:60]: attmpt opened menu
[21:01:15] [Render thread/INFO]: [me.vierdant.playeremotes.PlayeremotesClient:onClientTick:60]: attmpt opened menu
[21:01:15] [Render thread/INFO]: [me.vierdant.playeremotes.PlayeremotesClient:onClientTick:60]: attmpt opened menu
[21:01:15] [Render thread/INFO]: [me.vierdant.playeremotes.PlayeremotesClient:onClientTick:60]: attmpt opened menu
[21:01:15] [Render thread/INFO]: [me.vierdant.playeremotes.PlayeremotesClient:onClientTick:60]: attmpt opened menu
[21:01:15] [Render thread/INFO]: [me.vierdant.playeremotes.PlayeremotesClient:onClientTick:60]: attmpt opened menu
[21:01:15] [Render thread/INFO]: [me.vierdant.playeremotes.PlayeremotesClient:onClientTick:60]: attmpt opened menu
[21:01:15] [Render thread/INFO]: [me.vierdant.playeremotes.PlayeremotesClient:onClientTick:60]: attmpt opened menu
[21:01:15] [Render thread/INFO]: [me.vierdant.playeremotes.PlayeremotesClient:onClientTick:60]: attmpt opened menu
[21:01:15] [Render thread/INFO]: [me.vierdant.playeremotes.PlayeremotesClient:onClientTick:60]: attmpt opened menu
[21:01:15] [Render thread/INFO]: [me.vierdant.playeremotes.PlayeremotesClient:onClientTick:60]: attmpt opened menu
[21:01:15] [Render thread/INFO]: [me.vierdant.playeremotes.PlayeremotesClient:onClientTick:60]: attmpt opened menu
[21:01:16] [Render thread/INFO]: [me.vierdant.playeremotes.PlayeremotesClient:onClientTick:60]: attmpt opened menu
[21:01:16] [Render thread/INFO]: [me.vierdant.playeremotes.PlayeremotesClient:onClientTick:60]: attmpt opened menu
[21:01:16] [Render thread/INFO]: [me.vierdant.playeremotes.PlayeremotesClient:onClientTick:60]: attmpt opened menu
[21:01:16] [Render thread/INFO]: [me.vierdant.playeremotes.PlayeremotesClient:onClientTick:60]: attmpt opened menu
[21:01:16] [Render thread/INFO]: [me.vierdant.playeremotes.PlayeremotesClient:onClientTick:60]: attmpt opened menu
[21:01:16] [Render thread/INFO]: [me.vierdant.playeremotes.PlayeremotesClient:onClientTick:60]: attmpt opened menu
[21:01:16] [Render thread/INFO]: [me.vierdant.playeremotes.PlayeremotesClient:onClientTick:60]: attmpt opened menu
[21:01:16] [Render thread/INFO]: [me.vierdant.playeremotes.PlayeremotesClient:onClientTick:60]: attmpt opened menu
[21:01:16] [Render thread/INFO]: [me.vierdant.playeremotes.PlayeremotesClient:onClientTick:60]: attmpt opened menu
[21:01:16] [Render thread/INFO]: [me.vierdant.playeremotes.PlayeremotesClient:onClientTick:60]: attmpt opened menu
[21:01:16] [Render thread/INFO]: [me.vierdant.playeremotes.PlayeremotesClient:onClientTick:60]: attmpt opened menu
[21:01:16] [Render thread/INFO]: [me.vierdant.playeremotes.PlayeremotesClient:onClientTick:60]: attmpt opened menu
[21:01:16] [Render thread/INFO]: [me.vierdant.playeremotes.PlayeremotesClient:onClientTick:60]: attmpt opened menu
[21:01:16] [Render thread/INFO]: [me.vierdant.playeremotes.PlayeremotesClient:onClientTick:60]: attmpt opened menu
[21:01:16] [Render thread/INFO]: [me.vierdant.playeremotes.PlayeremotesClient:onClientTick:60]: attmpt opened menu
[21:01:16] [Render thread/INFO]: [me.vierdant.playeremotes.PlayeremotesClient:onClientTick:60]: attmpt opened menu
[21:01:16] [Render thread/INFO]: [me.vierdant.playeremotes.PlayeremotesClient:onClientTick:60]: attmpt opened menu
[21:01:16] [Render thread/INFO]: [me.vierdant.playeremotes.PlayeremotesClient:onClientTick:60]: attmpt opened menu
[21:01:16] [Render thread/INFO]: [me.vierdant.playeremotes.PlayeremotesClient:onClientTick:60]: attmpt opened menu
[21:01:16] [Render thread/INFO]: [me.vierdant.playeremotes.PlayeremotesClient:onClientTick:60]: attmpt opened menu
[21:01:17] [Render thread/INFO]: [me.vierdant.playeremotes.PlayeremotesClient:onClientTick:60]: attmpt opened menu
[21:01:17] [Render thread/INFO]: [me.vierdant.playeremotes.PlayeremotesClient:onClientTick:60]: attmpt opened menu
[21:01:17] [Render thread/INFO]: [me.vierdant.playeremotes.PlayeremotesClient:onClientTick:60]: attmpt opened menu
[21:01:17] [Render thread/INFO]: [me.vierdant.playeremotes.PlayeremotesClient:onClientTick:60]: attmpt opened menu
[21:01:17] [Render thread/INFO]: [me.vierdant.playeremotes.PlayeremotesClient:onClientTick:60]: attmpt opened menu
[21:01:17] [Render thread/INFO]: [me.vierdant.playeremotes.PlayeremotesClient:onClientTick:60]: attmpt opened menu
[21:01:17] [Render thread/INFO]: [me.vierdant.playeremotes.PlayeremotesClient:onClientTick:60]: attmpt opened menu
[21:01:17] [Render thread/INFO]: [me.vierdant.playeremotes.PlayeremotesClient:onClientTick:60]: attmpt opened menu
[21:01:17] [Render thread/INFO]: [me.vierdant.playeremotes.PlayeremotesClient:onClientTick:60]: attmpt opened menu
[21:01:17] [Render thread/INFO]: [me.vierdant.playeremotes.PlayeremotesClient:onClientTick:60]: attmpt opened menu
[21:01:17] [Render thread/INFO]: [me.vierdant.playeremotes.PlayeremotesClient:onClientTick:60]: attmpt opened menu
[21:01:17] [Render thread/INFO]: [me.vierdant.playeremotes.PlayeremotesClient:onClientTick:60]: attmpt opened menu
[21:01:17] [Render thread/INFO]: [me.vierdant.playeremotes.PlayeremotesClient:onClientTick:60]: attmpt opened menu
[21:01:17] [Render thread/INFO]: [me.vierdant.playeremotes.PlayeremotesClient:onClientTick:60]: attmpt opened menu
[21:01:17] [Render thread/INFO]: [me.vierdant.playeremotes.PlayeremotesClient:onClientTick:60]: attmpt opened menu
[21:01:17] [Render thread/INFO]: [me.vierdant.playeremotes.PlayeremotesClient:onClientTick:60]: attmpt opened menu
[21:01:17] [Render thread/INFO]: [me.vierdant.playeremotes.PlayeremotesClient:onClientTick:60]: attmpt opened menu
[21:01:17] [Render thread/INFO]: [me.vierdant.playeremotes.PlayeremotesClient:onClientTick:60]: attmpt opened menu
[21:01:17] [Render thread/INFO]: [me.vierdant.playeremotes.PlayeremotesClient:onClientTick:60]: attmpt opened menu
[21:01:17] [Render thread/INFO]: [me.vierdant.playeremotes.PlayeremotesClient:onClientTick:60]: attmpt opened menu
[21:01:18] [Render thread/INFO]: [me.vierdant.playeremotes.PlayeremotesClient:onClientTick:60]: attmpt opened menu
[21:01:18] [Render thread/INFO]: [me.vierdant.playeremotes.PlayeremotesClient:onClientTick:60]: attmpt opened menu
[21:01:18] [Render thread/INFO]: [me.vierdant.playeremotes.PlayeremotesClient:onClientTick:60]: attmpt opened menu
[21:01:18] [Render thread/INFO]: [me.vierdant.playeremotes.PlayeremotesClient:onClientTick:60]: attmpt opened menu
[21:01:18] [Render thread/INFO]: [me.vierdant.playeremotes.PlayeremotesClient:onClientTick:60]: attmpt opened menu
[21:01:18] [Render thread/INFO]: [me.vierdant.playeremotes.PlayeremotesClient:onClientTick:60]: attmpt opened menu
[21:01:18] [Render thread/INFO]: [me.vierdant.playeremotes.PlayeremotesClient:onClientTick:60]: attmpt opened menu
[21:01:18] [Render thread/INFO]: [me.vierdant.playeremotes.PlayeremotesClient:onClientTick:60]: attmpt opened menu
[21:01:18] [Render thread/INFO]: [me.vierdant.playeremotes.PlayeremotesClient:onClientTick:60]: attmpt opened menu
[21:01:18] [Render thread/INFO]: [me.vierdant.playeremotes.PlayeremotesClient:onClientTick:60]: attmpt opened menu
[21:01:18] [Render thread/INFO]: [me.vierdant.playeremotes.PlayeremotesClient:onClientTick:60]: attmpt opened menu
[21:01:18] [Render thread/INFO]: [me.vierdant.playeremotes.PlayeremotesClient:onClientTick:60]: attmpt opened menu
[21:01:18] [Render thread/INFO]: [me.vierdant.playeremotes.PlayeremotesClient:onClientTick:60]: attmpt opened menu
[21:01:18] [Render thread/INFO]: [me.vierdant.playeremotes.PlayeremotesClient:onClientTick:60]: attmpt opened menu
[21:01:18] [Render thread/INFO]: [me.vierdant.playeremotes.PlayeremotesClient:onClientTick:60]: attmpt opened menu
[21:01:18] [Render thread/INFO]: [me.vierdant.playeremotes.PlayeremotesClient:onClientTick:60]: attmpt opened menu
[21:01:18] [Render thread/INFO]: [me.vierdant.playeremotes.PlayeremotesClient:onClientTick:60]: attmpt opened menu
[21:01:18] [Render thread/INFO]: [me.vierdant.playeremotes.PlayeremotesClient:onClientTick:60]: attmpt opened menu
[21:01:18] [Render thread/INFO]: [me.vierdant.playeremotes.PlayeremotesClient:onClientTick:60]: attmpt opened menu
[21:01:18] [Render thread/INFO]: [me.vierdant.playeremotes.PlayeremotesClient:onClientTick:60]: attmpt opened menu
[21:01:19] [Render thread/INFO]: [me.vierdant.playeremotes.PlayeremotesClient:onClientTick:60]: attmpt opened menu
[21:01:19] [Render thread/INFO]: [me.vierdant.playeremotes.PlayeremotesClient:onClientTick:60]: attmpt opened menu
[21:01:19] [Render thread/INFO]: [me.vierdant.playeremotes.PlayeremotesClient:onClientTick:60]: attmpt opened menu
[21:01:19] [Render thread/INFO]: [me.vierdant.playeremotes.PlayeremotesClient:onClientTick:60]: attmpt opened menu
[21:01:19] [Render thread/INFO]: [me.vierdant.playeremotes.PlayeremotesClient:onClientTick:60]: attmpt opened menu
[21:01:19] [Render thread/INFO]: [me.vierdant.playeremotes.PlayeremotesClient:onClientTick:60]: attmpt opened menu
[21:01:19] [Render thread/INFO]: [me.vierdant.playeremotes.PlayeremotesClient:onClientTick:60]: attmpt opened menu
[21:01:19] [Render thread/INFO]: [me.vierdant.playeremotes.PlayeremotesClient:onClientTick:60]: attmpt opened menu
[21:01:19] [Render thread/INFO]: [me.vierdant.playeremotes.PlayeremotesClient:onClientTick:60]: attmpt opened menu
[21:01:19] [Render thread/INFO]: [me.vierdant.playeremotes.PlayeremotesClient:onClientTick:60]: attmpt opened menu
[21:01:19] [Render thread/INFO]: [me.vierdant.playeremotes.PlayeremotesClient:onClientTick:60]: attmpt opened menu
[21:01:19] [Render thread/INFO]: [me.vierdant.playeremotes.PlayeremotesClient:onClientTick:60]: attmpt opened menu
[21:01:19] [Render thread/INFO]: [me.vierdant.playeremotes.PlayeremotesClient:onClientTick:60]: attmpt opened menu
[21:01:19] [Render thread/INFO]: [me.vierdant.playeremotes.PlayeremotesClient:onClientTick:60]: attmpt opened menu
[21:01:19] [Render thread/INFO]: [me.vierdant.playeremotes.PlayeremotesClient:onClientTick:60]: attmpt opened menu
[21:01:19] [Render thread/INFO]: [me.vierdant.playeremotes.PlayeremotesClient:onClientTick:60]: attmpt opened menu
[21:01:19] [Render thread/INFO]: [me.vierdant.playeremotes.PlayeremotesClient:onClientTick:60]: attmpt opened menu
[21:01:19] [Render thread/INFO]: [me.vierdant.playeremotes.PlayeremotesClient:onClientTick:60]: attmpt opened menu
[21:01:19] [Render thread/INFO]: [me.vierdant.playeremotes.PlayeremotesClient:onClientTick:60]: attmpt opened menu
[21:01:19] [Render thread/INFO]: [me.vierdant.playeremotes.PlayeremotesClient:onClientTick:60]: attmpt opened menu
[21:01:20] [Render thread/INFO]: [me.vierdant.playeremotes.PlayeremotesClient:onClientTick:60]: attmpt opened menu
[21:01:20] [Render thread/INFO]: [me.vierdant.playeremotes.PlayeremotesClient:onClientTick:60]: attmpt opened menu
[21:01:20] [Render thread/INFO]: [me.vierdant.playeremotes.PlayeremotesClient:onClientTick:60]: attmpt opened menu
[21:01:20] [Render thread/INFO]: [me.vierdant.playeremotes.PlayeremotesClient:onClientTick:60]: attmpt opened menu
[21:01:20] [Render thread/INFO]: [me.vierdant.playeremotes.PlayeremotesClient:onClientTick:60]: attmpt opened menu
[21:01:20] [Render thread/INFO]: [me.vierdant.playeremotes.PlayeremotesClient:onClientTick:60]: attmpt opened menu
[21:01:20] [Render thread/INFO]: [me.vierdant.playeremotes.PlayeremotesClient:onClientTick:60]: attmpt opened menu
[21:01:20] [Render thread/INFO]: [me.vierdant.playeremotes.PlayeremotesClient:onClientTick:60]: attmpt opened menu
[21:01:20] [Render thread/INFO]: [me.vierdant.playeremotes.PlayeremotesClient:onClientTick:60]: attmpt opened menu
[21:01:20] [Render thread/INFO]: [me.vierdant.playeremotes.PlayeremotesClient:onClientTick:60]: attmpt opened menu
[21:01:20] [Render thread/INFO]: [me.vierdant.playeremotes.PlayeremotesClient:onClientTick:60]: attmpt opened menu
[21:01:20] [Render thread/INFO]: [me.vierdant.playeremotes.PlayeremotesClient:onClientTick:60]: attmpt opened menu
[21:01:20] [Render thread/INFO]: [me.vierdant.playeremotes.PlayeremotesClient:onClientTick:60]: attmpt opened menu
[21:01:20] [Render thread/INFO]: [me.vierdant.playeremotes.PlayeremotesClient:onClientTick:60]: attmpt opened menu
[21:01:20] [Render thread/INFO]: [me.vierdant.playeremotes.PlayeremotesClient:onClientTick:60]: attmpt opened menu
[21:01:20] [Render thread/INFO]: [me.vierdant.playeremotes.PlayeremotesClient:onClientTick:60]: attmpt opened menu
[21:01:20] [Render thread/INFO]: [me.vierdant.playeremotes.PlayeremotesClient:onClientTick:60]: attmpt opened menu
[21:01:20] [Render thread/INFO]: [me.vierdant.playeremotes.PlayeremotesClient:onClientTick:60]: attmpt opened menu
[21:01:20] [Render thread/INFO]: [me.vierdant.playeremotes.PlayeremotesClient:onClientTick:60]: attmpt opened menu
[21:01:20] [Render thread/INFO]: [me.vierdant.playeremotes.PlayeremotesClient:onClientTick:60]: attmpt opened menu
[21:01:21] [Render thread/INFO]: [me.vierdant.playeremotes.PlayeremotesClient:onClientTick:60]: attmpt opened menu
[21:01:21] [Render thread/INFO]: [me.vierdant.playeremotes.PlayeremotesClient:onClientTick:60]: attmpt opened menu
[21:01:21] [Render thread/INFO]: [me.vierdant.playeremotes.PlayeremotesClient:onClientTick:60]: attmpt opened menu
[21:01:21] [Render thread/INFO]: [me.vierdant.playeremotes.PlayeremotesClient:onClientTick:60]: attmpt opened menu
[21:01:21] [Render thread/INFO]: [me.vierdant.playeremotes.PlayeremotesClient:onClientTick:60]: attmpt opened menu
[21:01:21] [Render thread/INFO]: [me.vierdant.playeremotes.PlayeremotesClient:onClientTick:60]: attmpt opened menu
[21:01:21] [Render thread/INFO]: [me.vierdant.playeremotes.PlayeremotesClient:onClientTick:60]: attmpt opened menu
[21:01:21] [Render thread/INFO]: [me.vierdant.playeremotes.PlayeremotesClient:onClientTick:60]: attmpt opened menu
[21:01:21] [Render thread/INFO]: [me.vierdant.playeremotes.PlayeremotesClient:onClientTick:60]: attmpt opened menu
[21:01:21] [Render thread/INFO]: [me.vierdant.playeremotes.PlayeremotesClient:onClientTick:60]: attmpt opened menu
[21:01:21] [Render thread/INFO]: [me.vierdant.playeremotes.PlayeremotesClient:onClientTick:60]: attmpt opened menu
[21:01:21] [Render thread/INFO]: [me.vierdant.playeremotes.PlayeremotesClient:onClientTick:60]: attmpt opened menu
[21:01:21] [Render thread/INFO]: [me.vierdant.playeremotes.PlayeremotesClient:onClientTick:60]: attmpt opened menu
[21:01:21] [Render thread/INFO]: [me.vierdant.playeremotes.PlayeremotesClient:onClientTick:60]: attmpt opened menu
[21:01:21] [Render thread/INFO]: [me.vierdant.playeremotes.PlayeremotesClient:onClientTick:60]: attmpt opened menu
[21:01:21] [Render thread/INFO]: [me.vierdant.playeremotes.PlayeremotesClient:onClientTick:60]: attmpt opened menu
[21:01:21] [Render thread/INFO]: [me.vierdant.playeremotes.PlayeremotesClient:onClientTick:60]: attmpt opened menu
[21:01:21] [Render thread/INFO]: [me.vierdant.playeremotes.PlayeremotesClient:onClientTick:60]: attmpt opened menu
[21:01:21] [Render thread/INFO]: [me.vierdant.playeremotes.PlayeremotesClient:onClientTick:60]: attmpt opened menu
[21:01:21] [Render thread/INFO]: [me.vierdant.playeremotes.PlayeremotesClient:onClientTick:60]: attmpt opened menu
[21:01:22] [Render thread/INFO]: [me.vierdant.playeremotes.PlayeremotesClient:onClientTick:60]: attmpt opened menu
[21:01:22] [Render thread/INFO]: [me.vierdant.playeremotes.PlayeremotesClient:onClientTick:60]: attmpt opened menu
[21:01:22] [Render thread/INFO]: [me.vierdant.playeremotes.PlayeremotesClient:onClientTick:60]: attmpt opened menu
[21:01:22] [Render thread/INFO]: [me.vierdant.playeremotes.PlayeremotesClient:onClientTick:60]: attmpt opened menu
[21:01:22] [Render thread/INFO]: [me.vierdant.playeremotes.PlayeremotesClient:onClientTick:60]: attmpt opened menu
[21:01:22] [Render thread/INFO]: [me.vierdant.playeremotes.PlayeremotesClient:onClientTick:60]: attmpt opened menu
[21:01:22] [Render thread/INFO]: [me.vierdant.playeremotes.PlayeremotesClient:onClientTick:60]: attmpt opened menu
[21:01:22] [Render thread/INFO]: [me.vierdant.playeremotes.PlayeremotesClient:onClientTick:60]: attmpt opened menu
[21:01:22] [Render thread/INFO]: [me.vierdant.playeremotes.PlayeremotesClient:onClientTick:60]: attmpt opened menu
[21:01:22] [Render thread/INFO]: [me.vierdant.playeremotes.PlayeremotesClient:onClientTick:60]: attmpt opened menu
[21:01:22] [Render thread/INFO]: [me.vierdant.playeremotes.PlayeremotesClient:onClientTick:60]: attmpt opened menu
[21:01:22] [Render thread/INFO]: [me.vierdant.playeremotes.PlayeremotesClient:onClientTick:60]: attmpt opened menu
[21:01:22] [Render thread/INFO]: [me.vierdant.playeremotes.PlayeremotesClient:onClientTick:60]: attmpt opened menu
[21:01:22] [Render thread/INFO]: [me.vierdant.playeremotes.PlayeremotesClient:onClientTick:60]: attmpt opened menu
[21:01:22] [Render thread/INFO]: [me.vierdant.playeremotes.PlayeremotesClient:onClientTick:60]: attmpt opened menu
[21:01:22] [Render thread/INFO]: [me.vierdant.playeremotes.PlayeremotesClient:onClientTick:60]: attmpt opened menu
[21:01:22] [Render thread/INFO]: [me.vierdant.playeremotes.PlayeremotesClient:onClientTick:60]: attmpt opened menu
[21:01:22] [Render thread/INFO]: [me.vierdant.playeremotes.PlayeremotesClient:onClientTick:60]: attmpt opened menu
[21:01:22] [Render thread/INFO]: [me.vierdant.playeremotes.PlayeremotesClient:onClientTick:60]: attmpt opened menu
[21:01:22] [Render thread/INFO]: [me.vierdant.playeremotes.PlayeremotesClient:onClientTick:60]: attmpt opened menu
[21:01:23] [Render thread/INFO]: [me.vierdant.playeremotes.PlayeremotesClient:onClientTick:60]: attmpt opened menu
[21:01:23] [Render thread/INFO]: [me.vierdant.playeremotes.PlayeremotesClient:onClientTick:60]: attmpt opened menu
[21:01:23] [Render thread/INFO]: [me.vierdant.playeremotes.PlayeremotesClient:onClientTick:60]: attmpt opened menu
[21:01:23] [Render thread/INFO]: [me.vierdant.playeremotes.PlayeremotesClient:onClientTick:60]: attmpt opened menu
[21:01:23] [Render thread/INFO]: [me.vierdant.playeremotes.PlayeremotesClient:onClientTick:60]: attmpt opened menu
[21:01:23] [Render thread/INFO]: [me.vierdant.playeremotes.PlayeremotesClient:onClientTick:60]: attmpt opened menu
[21:01:23] [Render thread/INFO]: [me.vierdant.playeremotes.PlayeremotesClient:onClientTick:60]: attmpt opened menu
[21:01:23] [Render thread/INFO]: [me.vierdant.playeremotes.PlayeremotesClient:onClientTick:60]: attmpt opened menu
[21:01:23] [Render thread/INFO]: [me.vierdant.playeremotes.PlayeremotesClient:onClientTick:60]: attmpt opened menu
[21:01:23] [Render thread/INFO]: [me.vierdant.playeremotes.PlayeremotesClient:onClientTick:60]: attmpt opened menu
[21:01:23] [Render thread/INFO]: [me.vierdant.playeremotes.PlayeremotesClient:onClientTick:60]: attmpt opened menu
[21:01:23] [Render thread/INFO]: [me.vierdant.playeremotes.PlayeremotesClient:onClientTick:60]: attmpt opened menu
[21:01:23] [Render thread/INFO]: [me.vierdant.playeremotes.PlayeremotesClient:onClientTick:60]: attmpt opened menu
[21:01:23] [Render thread/INFO]: [me.vierdant.playeremotes.PlayeremotesClient:onClientTick:60]: attmpt opened menu
[21:01:23] [Render thread/INFO]: [me.vierdant.playeremotes.PlayeremotesClient:onClientTick:60]: attmpt opened menu
[21:01:23] [Render thread/INFO]: [me.vierdant.playeremotes.PlayeremotesClient:onClientTick:60]: attmpt opened menu
[21:01:23] [Render thread/INFO]: [me.vierdant.playeremotes.PlayeremotesClient:onClientTick:60]: attmpt opened menu
[21:01:23] [Render thread/INFO]: [me.vierdant.playeremotes.PlayeremotesClient:onClientTick:60]: attmpt opened menu
[21:01:23] [Render thread/INFO]: [me.vierdant.playeremotes.PlayeremotesClient:onClientTick:60]: attmpt opened menu
[21:01:23] [Render thread/INFO]: [me.vierdant.playeremotes.PlayeremotesClient:onClientTick:60]: attmpt opened menu
[21:01:24] [Render thread/INFO]: [me.vierdant.playeremotes.PlayeremotesClient:onClientTick:60]: attmpt opened menu
[21:01:24] [Render thread/INFO]: [me.vierdant.playeremotes.PlayeremotesClient:onClientTick:60]: attmpt opened menu
[21:01:24] [Render thread/INFO]: [me.vierdant.playeremotes.PlayeremotesClient:onClientTick:60]: attmpt opened menu
[21:01:24] [Render thread/INFO]: [me.vierdant.playeremotes.PlayeremotesClient:onClientTick:60]: attmpt opened menu
[21:01:24] [Render thread/INFO]: [me.vierdant.playeremotes.PlayeremotesClient:onClientTick:60]: attmpt opened menu
[21:01:24] [Render thread/INFO]: [me.vierdant.playeremotes.PlayeremotesClient:onClientTick:60]: attmpt opened menu
[21:01:24] [Render thread/INFO]: [me.vierdant.playeremotes.PlayeremotesClient:onClientTick:60]: attmpt opened menu
[21:01:24] [Render thread/INFO]: [me.vierdant.playeremotes.PlayeremotesClient:onClientTick:60]: attmpt opened menu
[21:01:24] [Render thread/INFO]: [me.vierdant.playeremotes.PlayeremotesClient:onClientTick:60]: attmpt opened menu
[21:01:24] [Render thread/INFO]: [me.vierdant.playeremotes.PlayeremotesClient:onClientTick:60]: attmpt opened menu
[21:01:24] [Render thread/INFO]: [me.vierdant.playeremotes.PlayeremotesClient:onClientTick:60]: attmpt opened menu
[21:01:24] [Render thread/INFO]: [me.vierdant.playeremotes.PlayeremotesClient:onClientTick:60]: attmpt opened menu
[21:01:24] [Render thread/INFO]: [me.vierdant.playeremotes.PlayeremotesClient:onClientTick:60]: attmpt opened menu
[21:01:24] [Render thread/INFO]: [me.vierdant.playeremotes.PlayeremotesClient:onClientTick:60]: attmpt opened menu
[21:01:24] [Render thread/INFO]: [me.vierdant.playeremotes.PlayeremotesClient:onClientTick:60]: attmpt opened menu
[21:01:24] [Render thread/INFO]: [me.vierdant.playeremotes.PlayeremotesClient:onClientTick:60]: attmpt opened menu
[21:01:24] [Render thread/INFO]: [me.vierdant.playeremotes.PlayeremotesClient:onClientTick:60]: attmpt opened menu
[21:01:24] [Render thread/INFO]: [me.vierdant.playeremotes.PlayeremotesClient:onClientTick:60]: attmpt opened menu
[21:01:24] [Render thread/INFO]: [me.vierdant.playeremotes.PlayeremotesClient:onClientTick:60]: attmpt opened menu
[21:01:24] [Render thread/INFO]: [me.vierdant.playeremotes.PlayeremotesClient:onClientTick:60]: attmpt opened menu
[21:01:25] [Render thread/INFO]: [me.vierdant.playeremotes.PlayeremotesClient:onClientTick:60]: attmpt opened menu
[21:01:25] [Render thread/INFO]: [me.vierdant.playeremotes.PlayeremotesClient:onClientTick:60]: attmpt opened menu
[21:01:25] [Render thread/INFO]: [me.vierdant.playeremotes.PlayeremotesClient:onClientTick:60]: attmpt opened menu
[21:01:25] [Render thread/INFO]: [me.vierdant.playeremotes.PlayeremotesClient:onClientTick:60]: attmpt opened menu
[21:01:25] [Render thread/INFO]: [me.vierdant.playeremotes.PlayeremotesClient:onClientTick:60]: attmpt opened menu
[21:01:25] [Render thread/INFO]: [me.vierdant.playeremotes.PlayeremotesClient:onClientTick:60]: attmpt opened menu
[21:01:25] [Render thread/INFO]: [me.vierdant.playeremotes.PlayeremotesClient:onClientTick:60]: attmpt opened menu
[21:01:25] [Render thread/INFO]: [me.vierdant.playeremotes.PlayeremotesClient:onClientTick:60]: attmpt opened menu
[21:01:25] [Render thread/INFO]: [me.vierdant.playeremotes.PlayeremotesClient:onClientTick:60]: attmpt opened menu
[21:01:25] [Render thread/INFO]: [me.vierdant.playeremotes.PlayeremotesClient:onClientTick:60]: attmpt opened menu
[21:01:25] [Render thread/INFO]: [me.vierdant.playeremotes.PlayeremotesClient:onClientTick:60]: attmpt opened menu
[21:01:25] [Render thread/INFO]: [me.vierdant.playeremotes.PlayeremotesClient:onClientTick:60]: attmpt opened menu
[21:01:25] [Render thread/INFO]: [me.vierdant.playeremotes.PlayeremotesClient:onClientTick:60]: attmpt opened menu
[21:01:25] [Render thread/INFO]: [me.vierdant.playeremotes.PlayeremotesClient:onClientTick:60]: attmpt opened menu
[21:01:25] [Render thread/INFO]: [me.vierdant.playeremotes.PlayeremotesClient:onClientTick:60]: attmpt opened menu
[21:01:25] [Render thread/INFO]: [me.vierdant.playeremotes.PlayeremotesClient:onClientTick:60]: attmpt opened menu
[21:01:25] [Render thread/INFO]: [me.vierdant.playeremotes.PlayeremotesClient:onClientTick:60]: attmpt opened menu
[21:01:25] [Render thread/INFO]: [me.vierdant.playeremotes.PlayeremotesClient:onClientTick:60]: attmpt opened menu
[21:01:25] [Render thread/INFO]: [me.vierdant.playeremotes.PlayeremotesClient:onClientTick:60]: attmpt opened menu
[21:01:25] [Render thread/INFO]: [me.vierdant.playeremotes.PlayeremotesClient:onClientTick:60]: attmpt opened menu
[21:01:26] [Render thread/INFO]: [me.vierdant.playeremotes.PlayeremotesClient:onClientTick:60]: attmpt opened menu
[21:01:26] [Render thread/INFO]: [me.vierdant.playeremotes.PlayeremotesClient:onClientTick:60]: attmpt opened menu
[21:01:26] [Render thread/INFO]: [me.vierdant.playeremotes.PlayeremotesClient:onClientTick:60]: attmpt opened menu
[21:01:26] [Render thread/INFO]: [me.vierdant.playeremotes.PlayeremotesClient:onClientTick:60]: attmpt opened menu
[21:01:26] [Render thread/INFO]: [me.vierdant.playeremotes.PlayeremotesClient:onClientTick:60]: attmpt opened menu
[21:01:26] [Render thread/INFO]: [me.vierdant.playeremotes.PlayeremotesClient:onClientTick:60]: attmpt opened menu
[21:01:26] [Render thread/INFO]: [me.vierdant.playeremotes.PlayeremotesClient:onClientTick:60]: attmpt opened menu
[21:01:26] [Render thread/INFO]: [me.vierdant.playeremotes.PlayeremotesClient:onClientTick:60]: attmpt opened menu
[21:01:26] [Render thread/INFO]: [me.vierdant.playeremotes.PlayeremotesClient:onClientTick:60]: attmpt opened menu
[21:01:26] [Render thread/INFO]: [me.vierdant.playeremotes.PlayeremotesClient:onClientTick:60]: attmpt opened menu
[21:01:26] [Render thread/INFO]: [me.vierdant.playeremotes.PlayeremotesClient:onClientTick:60]: attmpt opened menu
[21:01:26] [Render thread/INFO]: [me.vierdant.playeremotes.PlayeremotesClient:onClientTick:60]: attmpt opened menu
[21:01:26] [Render thread/INFO]: [me.vierdant.playeremotes.PlayeremotesClient:onClientTick:60]: attmpt opened menu
[21:01:26] [Render thread/INFO]: [me.vierdant.playeremotes.PlayeremotesClient:onClientTick:60]: attmpt opened menu
[21:01:26] [Render thread/INFO]: [me.vierdant.playeremotes.PlayeremotesClient:onClientTick:60]: attmpt opened menu
[21:01:26] [Render thread/INFO]: [me.vierdant.playeremotes.PlayeremotesClient:onClientTick:60]: attmpt opened menu
[21:01:26] [Render thread/INFO]: [me.vierdant.playeremotes.PlayeremotesClient:onClientTick:60]: attmpt opened menu
[21:01:26] [Render thread/INFO]: [me.vierdant.playeremotes.PlayeremotesClient:onClientTick:60]: attmpt opened menu
[21:01:26] [Render thread/INFO]: [me.vierdant.playeremotes.PlayeremotesClient:onClientTick:60]: attmpt opened menu
[21:01:26] [Render thread/INFO]: [me.vierdant.playeremotes.PlayeremotesClient:onClientTick:60]: attmpt opened menu
[21:01:27] [Render thread/INFO]: [me.vierdant.playeremotes.PlayeremotesClient:onClientTick:60]: attmpt opened menu
[21:01:27] [Render thread/INFO]: [me.vierdant.playeremotes.PlayeremotesClient:onClientTick:60]: attmpt opened menu
[21:01:27] [Render thread/INFO]: [me.vierdant.playeremotes.PlayeremotesClient:onClientTick:60]: attmpt opened menu
[21:01:27] [Render thread/INFO]: [me.vierdant.playeremotes.PlayeremotesClient:onClientTick:60]: attmpt opened menu
[21:01:27] [Render thread/INFO]: [me.vierdant.playeremotes.PlayeremotesClient:onClientTick:60]: attmpt opened menu
[21:01:27] [Render thread/INFO]: [me.vierdant.playeremotes.PlayeremotesClient:onClientTick:60]: attmpt opened menu
[21:01:27] [Render thread/INFO]: [me.vierdant.playeremotes.PlayeremotesClient:onClientTick:60]: attmpt opened menu
[21:01:27] [Render thread/INFO]: [me.vierdant.playeremotes.PlayeremotesClient:onClientTick:60]: attmpt opened menu
[21:01:27] [Render thread/INFO]: [me.vierdant.playeremotes.PlayeremotesClient:onClientTick:60]: attmpt opened menu
[21:01:27] [Render thread/INFO]: [me.vierdant.playeremotes.PlayeremotesClient:onClientTick:60]: attmpt opened menu
[21:01:27] [Render thread/INFO]: [me.vierdant.playeremotes.PlayeremotesClient:onClientTick:60]: attmpt opened menu
[21:01:27] [Render thread/INFO]: [me.vierdant.playeremotes.PlayeremotesClient:onClientTick:60]: attmpt opened menu
[21:01:27] [Render thread/INFO]: [me.vierdant.playeremotes.PlayeremotesClient:onClientTick:60]: attmpt opened menu
[21:01:27] [Render thread/INFO]: [me.vierdant.playeremotes.PlayeremotesClient:onClientTick:60]: attmpt opened menu
[21:01:27] [Render thread/INFO]: [me.vierdant.playeremotes.PlayeremotesClient:onClientTick:60]: attmpt opened menu
[21:01:27] [Render thread/INFO]: [me.vierdant.playeremotes.PlayeremotesClient:onClientTick:60]: attmpt opened menu
[21:01:27] [Render thread/INFO]: [me.vierdant.playeremotes.PlayeremotesClient:onClientTick:60]: attmpt opened menu
[21:01:27] [Render thread/INFO]: [me.vierdant.playeremotes.PlayeremotesClient:onClientTick:60]: attmpt opened menu
[21:01:27] [Render thread/INFO]: [me.vierdant.playeremotes.PlayeremotesClient:onClientTick:60]: attmpt opened menu
[21:01:27] [Render thread/INFO]: [me.vierdant.playeremotes.PlayeremotesClient:onClientTick:60]: attmpt opened menu
[21:01:28] [Render thread/INFO]: [me.vierdant.playeremotes.PlayeremotesClient:onClientTick:60]: attmpt opened menu
[21:01:28] [Render thread/INFO]: [me.vierdant.playeremotes.PlayeremotesClient:onClientTick:60]: attmpt opened menu
[21:01:28] [Render thread/INFO]: [me.vierdant.playeremotes.PlayeremotesClient:onClientTick:60]: attmpt opened menu
[21:01:28] [Render thread/INFO]: [me.vierdant.playeremotes.PlayeremotesClient:onClientTick:60]: attmpt opened menu
[21:01:28] [Render thread/INFO]: [me.vierdant.playeremotes.PlayeremotesClient:onClientTick:60]: attmpt opened menu
[21:01:28] [Render thread/INFO]: [me.vierdant.playeremotes.PlayeremotesClient:onClientTick:60]: attmpt opened menu
[21:01:28] [Render thread/INFO]: [me.vierdant.playeremotes.PlayeremotesClient:onClientTick:60]: attmpt opened menu
[21:01:28] [Render thread/INFO]: [me.vierdant.playeremotes.PlayeremotesClient:onClientTick:60]: attmpt opened menu
[21:01:28] [Render thread/INFO]: [me.vierdant.playeremotes.PlayeremotesClient:onClientTick:60]: attmpt opened menu
[21:01:28] [Render thread/INFO]: [me.vierdant.playeremotes.PlayeremotesClient:onClientTick:60]: attmpt opened menu
[21:01:28] [Render thread/INFO]: [me.vierdant.playeremotes.PlayeremotesClient:onClientTick:60]: attmpt opened menu
[21:01:28] [Render thread/INFO]: [me.vierdant.playeremotes.PlayeremotesClient:onClientTick:60]: attmpt opened menu
[21:01:28] [Render thread/INFO]: [me.vierdant.playeremotes.PlayeremotesClient:onClientTick:60]: attmpt opened menu
[21:01:28] [Render thread/INFO]: [me.vierdant.playeremotes.PlayeremotesClient:onClientTick:60]: attmpt opened menu
[21:01:28] [Render thread/INFO]: [me.vierdant.playeremotes.PlayeremotesClient:onClientTick:60]: attmpt opened menu
[21:01:28] [Render thread/INFO]: [me.vierdant.playeremotes.PlayeremotesClient:onClientTick:60]: attmpt opened menu
[21:01:28] [Render thread/INFO]: [me.vierdant.playeremotes.PlayeremotesClient:onClientTick:60]: attmpt opened menu
[21:01:28] [Render thread/INFO]: [me.vierdant.playeremotes.PlayeremotesClient:onClientTick:60]: attmpt opened menu
[21:01:28] [Render thread/INFO]: [me.vierdant.playeremotes.PlayeremotesClient:onClientTick:60]: attmpt opened menu
[21:01:28] [Render thread/INFO]: [me.vierdant.playeremotes.PlayeremotesClient:onClientTick:60]: attmpt opened menu
[21:01:29] [Render thread/INFO]: [me.vierdant.playeremotes.PlayeremotesClient:onClientTick:60]: attmpt opened menu
[21:01:29] [Render thread/INFO]: [me.vierdant.playeremotes.PlayeremotesClient:onClientTick:60]: attmpt opened menu
[21:01:29] [Render thread/INFO]: [me.vierdant.playeremotes.PlayeremotesClient:onClientTick:60]: attmpt opened menu
[21:01:29] [Render thread/INFO]: [me.vierdant.playeremotes.PlayeremotesClient:onClientTick:60]: attmpt opened menu
[21:01:29] [Render thread/INFO]: [me.vierdant.playeremotes.PlayeremotesClient:onClientTick:60]: attmpt opened menu
[21:01:29] [Render thread/INFO]: [me.vierdant.playeremotes.PlayeremotesClient:onClientTick:60]: attmpt opened menu
[21:01:29] [Render thread/INFO]: [me.vierdant.playeremotes.PlayeremotesClient:onClientTick:60]: attmpt opened menu
[21:01:29] [Render thread/INFO]: [me.vierdant.playeremotes.PlayeremotesClient:onClientTick:60]: attmpt opened menu
[21:01:29] [Render thread/INFO]: [me.vierdant.playeremotes.PlayeremotesClient:onClientTick:60]: attmpt opened menu
[21:01:29] [Render thread/INFO]: [me.vierdant.playeremotes.PlayeremotesClient:onClientTick:60]: attmpt opened menu
[21:01:29] [Render thread/INFO]: [me.vierdant.playeremotes.PlayeremotesClient:onClientTick:60]: attmpt opened menu
[21:01:29] [Render thread/INFO]: [me.vierdant.playeremotes.PlayeremotesClient:onClientTick:60]: attmpt opened menu
[21:01:29] [Render thread/INFO]: [me.vierdant.playeremotes.PlayeremotesClient:onClientTick:60]: attmpt opened menu
[21:01:29] [Render thread/INFO]: [me.vierdant.playeremotes.PlayeremotesClient:onClientTick:60]: attmpt opened menu
[21:01:29] [Render thread/INFO]: [me.vierdant.playeremotes.PlayeremotesClient:onClientTick:60]: attmpt opened menu
[21:01:29] [Render thread/INFO]: [me.vierdant.playeremotes.PlayeremotesClient:onClientTick:60]: attmpt opened menu
[21:01:29] [Render thread/INFO]: [me.vierdant.playeremotes.PlayeremotesClient:onClientTick:60]: attmpt opened menu
[21:01:29] [Render thread/INFO]: [me.vierdant.playeremotes.PlayeremotesClient:onClientTick:60]: attmpt opened menu
[21:01:29] [Render thread/INFO]: [me.vierdant.playeremotes.PlayeremotesClient:onClientTick:60]: attmpt opened menu
[21:01:29] [Render thread/INFO]: [me.vierdant.playeremotes.PlayeremotesClient:onClientTick:60]: attmpt opened menu
[21:01:30] [Render thread/INFO]: [me.vierdant.playeremotes.PlayeremotesClient:onClientTick:60]: attmpt opened menu
[21:01:30] [Render thread/INFO]: [me.vierdant.playeremotes.PlayeremotesClient:onClientTick:60]: attmpt opened menu
[21:01:30] [Render thread/INFO]: [me.vierdant.playeremotes.PlayeremotesClient:onClientTick:60]: attmpt opened menu
[21:01:30] [Render thread/INFO]: [me.vierdant.playeremotes.PlayeremotesClient:onClientTick:60]: attmpt opened menu
[21:01:30] [Render thread/INFO]: [me.vierdant.playeremotes.PlayeremotesClient:onClientTick:60]: attmpt opened menu
[21:01:30] [Render thread/INFO]: [me.vierdant.playeremotes.PlayeremotesClient:onClientTick:60]: attmpt opened menu
[21:01:30] [Render thread/INFO]: [me.vierdant.playeremotes.PlayeremotesClient:onClientTick:60]: attmpt opened menu
[21:01:30] [Render thread/INFO]: [me.vierdant.playeremotes.PlayeremotesClient:onClientTick:60]: attmpt opened menu
[21:01:30] [Render thread/INFO]: [me.vierdant.playeremotes.PlayeremotesClient:onClientTick:60]: attmpt opened menu
[21:01:30] [Render thread/INFO]: [me.vierdant.playeremotes.PlayeremotesClient:onClientTick:60]: attmpt opened menu
[21:01:30] [Render thread/INFO]: [me.vierdant.playeremotes.PlayeremotesClient:onClientTick:60]: attmpt opened menu
[21:01:30] [Render thread/INFO]: [me.vierdant.playeremotes.PlayeremotesClient:onClientTick:60]: attmpt opened menu
[21:01:30] [Render thread/INFO]: [me.vierdant.playeremotes.PlayeremotesClient:onClientTick:60]: attmpt opened menu
[21:01:30] [Render thread/INFO]: [me.vierdant.playeremotes.PlayeremotesClient:onClientTick:60]: attmpt opened menu
[21:01:30] [Render thread/INFO]: [me.vierdant.playeremotes.PlayeremotesClient:onClientTick:60]: attmpt opened menu
[21:01:30] [Render thread/INFO]: [me.vierdant.playeremotes.PlayeremotesClient:onClientTick:60]: attmpt opened menu
[21:01:30] [Render thread/INFO]: [me.vierdant.playeremotes.PlayeremotesClient:onClientTick:60]: attmpt opened menu
[21:01:30] [Render thread/INFO]: [me.vierdant.playeremotes.PlayeremotesClient:onClientTick:60]: attmpt opened menu
[21:01:30] [Render thread/INFO]: [me.vierdant.playeremotes.PlayeremotesClient:onClientTick:60]: attmpt opened menu
[21:01:30] [Render thread/INFO]: [me.vierdant.playeremotes.PlayeremotesClient:onClientTick:60]: attmpt opened menu
[21:01:31] [Render thread/INFO]: [me.vierdant.playeremotes.PlayeremotesClient:onClientTick:60]: attmpt opened menu
[21:01:31] [Render thread/INFO]: [me.vierdant.playeremotes.PlayeremotesClient:onClientTick:60]: attmpt opened menu
[21:01:31] [Render thread/INFO]: [me.vierdant.playeremotes.PlayeremotesClient:onClientTick:60]: attmpt opened menu
[21:01:31] [Render thread/INFO]: [me.vierdant.playeremotes.PlayeremotesClient:onClientTick:60]: attmpt opened menu
[21:01:31] [Render thread/INFO]: [me.vierdant.playeremotes.PlayeremotesClient:onClientTick:60]: attmpt opened menu
[21:01:31] [Render thread/INFO]: [me.vierdant.playeremotes.PlayeremotesClient:onClientTick:60]: attmpt opened menu
[21:01:31] [Render thread/INFO]: [me.vierdant.playeremotes.PlayeremotesClient:onClientTick:60]: attmpt opened menu
[21:01:31] [Render thread/INFO]: [me.vierdant.playeremotes.PlayeremotesClient:onClientTick:60]: attmpt opened menu
[21:01:31] [Render thread/INFO]: [me.vierdant.playeremotes.PlayeremotesClient:onClientTick:60]: attmpt opened menu
[21:01:31] [Render thread/INFO]: [me.vierdant.playeremotes.PlayeremotesClient:onClientTick:60]: attmpt opened menu
[21:01:31] [Render thread/INFO]: [me.vierdant.playeremotes.PlayeremotesClient:onClientTick:60]: attmpt opened menu
[21:01:31] [Render thread/INFO]: [me.vierdant.playeremotes.PlayeremotesClient:onClientTick:60]: attmpt opened menu
[21:01:31] [Render thread/INFO]: [me.vierdant.playeremotes.PlayeremotesClient:onClientTick:60]: attmpt opened menu
[21:01:31] [Render thread/INFO]: [me.vierdant.playeremotes.PlayeremotesClient:onClientTick:60]: attmpt opened menu
[21:01:31] [Render thread/INFO]: [me.vierdant.playeremotes.PlayeremotesClient:onClientTick:60]: attmpt opened menu
[21:01:31] [Render thread/INFO]: [me.vierdant.playeremotes.PlayeremotesClient:onClientTick:60]: attmpt opened menu
[21:01:31] [Render thread/INFO]: [me.vierdant.playeremotes.PlayeremotesClient:onClientTick:60]: attmpt opened menu
[21:01:31] [Render thread/INFO]: [me.vierdant.playeremotes.PlayeremotesClient:onClientTick:60]: attmpt opened menu
[21:01:31] [Render thread/INFO]: [me.vierdant.playeremotes.PlayeremotesClient:onClientTick:60]: attmpt opened menu
[21:01:31] [Render thread/INFO]: [me.vierdant.playeremotes.PlayeremotesClient:onClientTick:60]: attmpt opened menu
[21:01:32] [Render thread/INFO]: [me.vierdant.playeremotes.PlayeremotesClient:onClientTick:60]: attmpt opened menu
[21:01:32] [Render thread/INFO]: [me.vierdant.playeremotes.PlayeremotesClient:onClientTick:60]: attmpt opened menu
[21:01:32] [Render thread/INFO]: [me.vierdant.playeremotes.PlayeremotesClient:onClientTick:60]: attmpt opened menu
[21:01:32] [Render thread/INFO]: [me.vierdant.playeremotes.PlayeremotesClient:onClientTick:60]: attmpt opened menu
[21:01:32] [Render thread/INFO]: [me.vierdant.playeremotes.PlayeremotesClient:onClientTick:60]: attmpt opened menu
[21:01:32] [Render thread/INFO]: [me.vierdant.playeremotes.PlayeremotesClient:onClientTick:60]: attmpt opened menu
[21:01:32] [Render thread/INFO]: [me.vierdant.playeremotes.PlayeremotesClient:onClientTick:60]: attmpt opened menu
[21:01:32] [Render thread/INFO]: [me.vierdant.playeremotes.PlayeremotesClient:onClientTick:60]: attmpt opened menu
[21:01:32] [Render thread/INFO]: [me.vierdant.playeremotes.PlayeremotesClient:onClientTick:60]: attmpt opened menu
[21:01:32] [Render thread/INFO]: [me.vierdant.playeremotes.PlayeremotesClient:onClientTick:60]: attmpt opened menu
[21:01:32] [Render thread/INFO]: [me.vierdant.playeremotes.PlayeremotesClient:onClientTick:60]: attmpt opened menu
[21:01:32] [Render thread/INFO]: [me.vierdant.playeremotes.PlayeremotesClient:onClientTick:60]: attmpt opened menu
[21:01:32] [Render thread/INFO]: [me.vierdant.playeremotes.PlayeremotesClient:onClientTick:60]: attmpt opened menu
[21:01:32] [Render thread/INFO]: [me.vierdant.playeremotes.PlayeremotesClient:onClientTick:60]: attmpt opened menu
[21:01:32] [Render thread/INFO]: [me.vierdant.playeremotes.PlayeremotesClient:onClientTick:60]: attmpt opened menu
[21:01:32] [Render thread/INFO]: [me.vierdant.playeremotes.PlayeremotesClient:onClientTick:60]: attmpt opened menu
[21:01:32] [Render thread/INFO]: [me.vierdant.playeremotes.PlayeremotesClient:onClientTick:60]: attmpt opened menu
[21:01:32] [Render thread/INFO]: [me.vierdant.playeremotes.PlayeremotesClient:onClientTick:60]: attmpt opened menu
[21:01:32] [Render thread/INFO]: [me.vierdant.playeremotes.PlayeremotesClient:onClientTick:60]: attmpt opened menu
[21:01:32] [Render thread/INFO]: [me.vierdant.playeremotes.PlayeremotesClient:onClientTick:60]: attmpt opened menu
[21:01:33] [Render thread/INFO]: [me.vierdant.playeremotes.PlayeremotesClient:onClientTick:60]: attmpt opened menu
[21:01:33] [Render thread/INFO]: [me.vierdant.playeremotes.PlayeremotesClient:onClientTick:60]: attmpt opened menu
[21:01:33] [Render thread/INFO]: [me.vierdant.playeremotes.PlayeremotesClient:onClientTick:60]: attmpt opened menu
[21:01:33] [Render thread/INFO]: [me.vierdant.playeremotes.PlayeremotesClient:onClientTick:60]: attmpt opened menu
[21:01:33] [Render thread/INFO]: [me.vierdant.playeremotes.PlayeremotesClient:onClientTick:60]: attmpt opened menu
[21:01:33] [Render thread/INFO]: [me.vierdant.playeremotes.PlayeremotesClient:onClientTick:60]: attmpt opened menu
[21:01:33] [Render thread/INFO]: [me.vierdant.playeremotes.PlayeremotesClient:onClientTick:60]: attmpt opened menu
[21:01:33] [Render thread/INFO]: [me.vierdant.playeremotes.PlayeremotesClient:onClientTick:60]: attmpt opened menu
[21:01:33] [Render thread/INFO]: [me.vierdant.playeremotes.PlayeremotesClient:onClientTick:60]: attmpt opened menu
[21:01:33] [Render thread/INFO]: [me.vierdant.playeremotes.PlayeremotesClient:onClientTick:60]: attmpt opened menu
[21:01:33] [Render thread/INFO]: [me.vierdant.playeremotes.PlayeremotesClient:onClientTick:60]: attmpt opened menu
[21:01:33] [Render thread/INFO]: [me.vierdant.playeremotes.PlayeremotesClient:onClientTick:60]: attmpt opened menu
[21:01:33] [Render thread/INFO]: [me.vierdant.playeremotes.PlayeremotesClient:onClientTick:60]: attmpt opened menu
[21:01:33] [Render thread/INFO]: [me.vierdant.playeremotes.PlayeremotesClient:onClientTick:60]: attmpt opened menu
[21:01:33] [Render thread/INFO]: [me.vierdant.playeremotes.PlayeremotesClient:onClientTick:60]: attmpt opened menu
[21:01:33] [Render thread/INFO]: [me.vierdant.playeremotes.PlayeremotesClient:onClientTick:60]: attmpt opened menu
[21:01:33] [Render thread/INFO]: [me.vierdant.playeremotes.PlayeremotesClient:onClientTick:60]: attmpt opened menu
[21:01:33] [Render thread/INFO]: [me.vierdant.playeremotes.PlayeremotesClient:onClientTick:60]: attmpt opened menu
[21:01:33] [Render thread/INFO]: [me.vierdant.playeremotes.PlayeremotesClient:onClientTick:60]: attmpt opened menu
[21:01:33] [Render thread/INFO]: [me.vierdant.playeremotes.PlayeremotesClient:onClientTick:60]: attmpt opened menu
[21:01:34] [Render thread/INFO]: [me.vierdant.playeremotes.PlayeremotesClient:onClientTick:60]: attmpt opened menu
[21:01:34] [Render thread/INFO]: [me.vierdant.playeremotes.PlayeremotesClient:onClientTick:60]: attmpt opened menu
[21:01:34] [Render thread/INFO]: [me.vierdant.playeremotes.PlayeremotesClient:onClientTick:60]: attmpt opened menu
[21:01:34] [Render thread/INFO]: [me.vierdant.playeremotes.PlayeremotesClient:onClientTick:60]: attmpt opened menu
[21:01:34] [Render thread/INFO]: [me.vierdant.playeremotes.PlayeremotesClient:onClientTick:60]: attmpt opened menu
[21:01:34] [Render thread/INFO]: [me.vierdant.playeremotes.PlayeremotesClient:onClientTick:60]: attmpt opened menu
[21:01:34] [Render thread/INFO]: [me.vierdant.playeremotes.PlayeremotesClient:onClientTick:60]: attmpt opened menu
[21:01:34] [Render thread/INFO]: [me.vierdant.playeremotes.PlayeremotesClient:onClientTick:60]: attmpt opened menu
[21:01:34] [Render thread/INFO]: [me.vierdant.playeremotes.PlayeremotesClient:onClientTick:60]: attmpt opened menu
[21:01:34] [Render thread/INFO]: [me.vierdant.playeremotes.PlayeremotesClient:onClientTick:60]: attmpt opened menu
[21:01:34] [Render thread/INFO]: [me.vierdant.playeremotes.PlayeremotesClient:onClientTick:60]: attmpt opened menu
[21:01:34] [Render thread/INFO]: [me.vierdant.playeremotes.PlayeremotesClient:onClientTick:60]: attmpt opened menu
[21:01:34] [Render thread/INFO]: [me.vierdant.playeremotes.PlayeremotesClient:onClientTick:60]: attmpt opened menu
[21:01:34] [Render thread/INFO]: [me.vierdant.playeremotes.PlayeremotesClient:onClientTick:60]: attmpt opened menu
[21:01:34] [Render thread/INFO]: [me.vierdant.playeremotes.PlayeremotesClient:onClientTick:60]: attmpt opened menu
[21:01:34] [Render thread/INFO]: [me.vierdant.playeremotes.PlayeremotesClient:onClientTick:60]: attmpt opened menu
[21:01:34] [Render thread/INFO]: [me.vierdant.playeremotes.PlayeremotesClient:onClientTick:60]: attmpt opened menu
[21:01:34] [Render thread/INFO]: [me.vierdant.playeremotes.PlayeremotesClient:onClientTick:60]: attmpt opened menu
[21:01:34] [Render thread/INFO]: [me.vierdant.playeremotes.PlayeremotesClient:onClientTick:60]: attmpt opened menu
[21:01:34] [Render thread/INFO]: [me.vierdant.playeremotes.PlayeremotesClient:onClientTick:60]: attmpt opened menu
[21:01:35] [Render thread/INFO]: [me.vierdant.playeremotes.PlayeremotesClient:onClientTick:60]: attmpt opened menu
[21:01:35] [Render thread/INFO]: [me.vierdant.playeremotes.PlayeremotesClient:onClientTick:60]: attmpt opened menu
[21:01:35] [Render thread/INFO]: [me.vierdant.playeremotes.PlayeremotesClient:onClientTick:60]: attmpt opened menu
[21:01:35] [Render thread/INFO]: [me.vierdant.playeremotes.PlayeremotesClient:onClientTick:60]: attmpt opened menu
[21:01:35] [Render thread/INFO]: [me.vierdant.playeremotes.PlayeremotesClient:onClientTick:60]: attmpt opened menu
[21:01:35] [Render thread/INFO]: [me.vierdant.playeremotes.PlayeremotesClient:onClientTick:60]: attmpt opened menu
[21:01:35] [Render thread/INFO]: [me.vierdant.playeremotes.PlayeremotesClient:onClientTick:60]: attmpt opened menu
[21:01:35] [Render thread/INFO]: [me.vierdant.playeremotes.PlayeremotesClient:onClientTick:60]: attmpt opened menu
[21:01:35] [Render thread/INFO]: [me.vierdant.playeremotes.PlayeremotesClient:onClientTick:60]: attmpt opened menu
[21:01:35] [Render thread/INFO]: [me.vierdant.playeremotes.PlayeremotesClient:onClientTick:60]: attmpt opened menu
[21:01:35] [Render thread/INFO]: [me.vierdant.playeremotes.PlayeremotesClient:onClientTick:60]: attmpt opened menu
[21:01:35] [Render thread/INFO]: [me.vierdant.playeremotes.PlayeremotesClient:onClientTick:60]: attmpt opened menu
[21:01:35] [Render thread/INFO]: [me.vierdant.playeremotes.PlayeremotesClient:onClientTick:60]: attmpt opened menu
[21:01:35] [Render thread/INFO]: [me.vierdant.playeremotes.PlayeremotesClient:onClientTick:60]: attmpt opened menu
[21:01:35] [Render thread/INFO]: [me.vierdant.playeremotes.PlayeremotesClient:onClientTick:60]: attmpt opened menu
[21:01:35] [Render thread/INFO]: [me.vierdant.playeremotes.PlayeremotesClient:onClientTick:60]: attmpt opened menu
[21:01:35] [Render thread/INFO]: [me.vierdant.playeremotes.PlayeremotesClient:onClientTick:60]: attmpt opened menu
[21:01:35] [Render thread/INFO]: [me.vierdant.playeremotes.PlayeremotesClient:onClientTick:60]: attmpt opened menu
[21:01:35] [Render thread/INFO]: [me.vierdant.playeremotes.PlayeremotesClient:onClientTick:60]: attmpt opened menu
[21:01:35] [Render thread/INFO]: [me.vierdant.playeremotes.PlayeremotesClient:onClientTick:60]: attmpt opened menu
[21:01:36] [Render thread/INFO]: [me.vierdant.playeremotes.PlayeremotesClient:onClientTick:60]: attmpt opened menu
[21:01:36] [Render thread/INFO]: [me.vierdant.playeremotes.PlayeremotesClient:onClientTick:60]: attmpt opened menu
[21:01:36] [Render thread/INFO]: [me.vierdant.playeremotes.PlayeremotesClient:onClientTick:60]: attmpt opened menu
[21:01:36] [Render thread/INFO]: [me.vierdant.playeremotes.PlayeremotesClient:onClientTick:60]: attmpt opened menu
[21:01:36] [Render thread/INFO]: [me.vierdant.playeremotes.PlayeremotesClient:onClientTick:60]: attmpt opened menu
[21:01:36] [Render thread/INFO]: [me.vierdant.playeremotes.PlayeremotesClient:onClientTick:60]: attmpt opened menu
[21:01:36] [Render thread/INFO]: [me.vierdant.playeremotes.PlayeremotesClient:onClientTick:60]: attmpt opened menu
[21:01:36] [Render thread/INFO]: [me.vierdant.playeremotes.PlayeremotesClient:onClientTick:60]: attmpt opened menu
[21:01:36] [Render thread/INFO]: [me.vierdant.playeremotes.PlayeremotesClient:onClientTick:60]: attmpt opened menu
[21:01:36] [Render thread/INFO]: [me.vierdant.playeremotes.PlayeremotesClient:onClientTick:60]: attmpt opened menu
[21:01:36] [Render thread/INFO]: [me.vierdant.playeremotes.PlayeremotesClient:onClientTick:60]: attmpt opened menu
[21:01:36] [Render thread/INFO]: [me.vierdant.playeremotes.PlayeremotesClient:onClientTick:60]: attmpt opened menu
[21:01:36] [Render thread/INFO]: [me.vierdant.playeremotes.PlayeremotesClient:onClientTick:60]: attmpt opened menu
[21:01:36] [Render thread/INFO]: [me.vierdant.playeremotes.PlayeremotesClient:onClientTick:60]: attmpt opened menu
[21:01:36] [Render thread/INFO]: [me.vierdant.playeremotes.PlayeremotesClient:onClientTick:60]: attmpt opened menu
[21:01:36] [Render thread/INFO]: [me.vierdant.playeremotes.PlayeremotesClient:onClientTick:60]: attmpt opened menu
[21:01:36] [Render thread/INFO]: [me.vierdant.playeremotes.PlayeremotesClient:onClientTick:60]: attmpt opened menu
[21:01:36] [Render thread/INFO]: [me.vierdant.playeremotes.PlayeremotesClient:onClientTick:60]: attmpt opened menu
[21:01:36] [Render thread/INFO]: [me.vierdant.playeremotes.PlayeremotesClient:onClientTick:60]: attmpt opened menu
[21:01:36] [Render thread/INFO]: [me.vierdant.playeremotes.PlayeremotesClient:onClientTick:60]: attmpt opened menu
[21:01:37] [Render thread/INFO]: [me.vierdant.playeremotes.PlayeremotesClient:onClientTick:60]: attmpt opened menu
[21:01:37] [Render thread/INFO]: [me.vierdant.playeremotes.PlayeremotesClient:onClientTick:60]: attmpt opened menu
[21:01:37] [Render thread/INFO]: [me.vierdant.playeremotes.PlayeremotesClient:onClientTick:60]: attmpt opened menu
[21:01:37] [Render thread/INFO]: [me.vierdant.playeremotes.PlayeremotesClient:onClientTick:60]: attmpt opened menu
[21:01:37] [Render thread/INFO]: [me.vierdant.playeremotes.PlayeremotesClient:onClientTick:60]: attmpt opened menu
[21:01:37] [Render thread/INFO]: [me.vierdant.playeremotes.PlayeremotesClient:onClientTick:60]: attmpt opened menu
[21:01:37] [Render thread/INFO]: [me.vierdant.playeremotes.PlayeremotesClient:onClientTick:60]: attmpt opened menu
[21:01:37] [Render thread/INFO]: [me.vierdant.playeremotes.PlayeremotesClient:onClientTick:60]: attmpt opened menu
[21:01:37] [Render thread/INFO]: [me.vierdant.playeremotes.PlayeremotesClient:onClientTick:60]: attmpt opened menu
[21:01:37] [Render thread/INFO]: [me.vierdant.playeremotes.PlayeremotesClient:onClientTick:60]: attmpt opened menu
[21:01:37] [Render thread/INFO]: [me.vierdant.playeremotes.PlayeremotesClient:onClientTick:60]: attmpt opened menu
[21:01:37] [Render thread/INFO]: [me.vierdant.playeremotes.PlayeremotesClient:onClientTick:60]: attmpt opened menu
[21:01:37] [Render thread/INFO]: [me.vierdant.playeremotes.PlayeremotesClient:onClientTick:60]: attmpt opened menu
[21:01:37] [Render thread/INFO]: [me.vierdant.playeremotes.PlayeremotesClient:onClientTick:60]: attmpt opened menu
[21:01:37] [Render thread/INFO]: [me.vierdant.playeremotes.PlayeremotesClient:onClientTick:60]: attmpt opened menu
[21:01:37] [Render thread/INFO]: [me.vierdant.playeremotes.PlayeremotesClient:onClientTick:60]: attmpt opened menu
[21:01:37] [Render thread/INFO]: [me.vierdant.playeremotes.PlayeremotesClient:onClientTick:60]: attmpt opened menu
[21:01:37] [Render thread/INFO]: [me.vierdant.playeremotes.PlayeremotesClient:onClientTick:60]: attmpt opened menu
[21:01:37] [Render thread/INFO]: [me.vierdant.playeremotes.PlayeremotesClient:onClientTick:60]: attmpt opened menu
[21:01:37] [Render thread/INFO]: [me.vierdant.playeremotes.PlayeremotesClient:onClientTick:60]: attmpt opened menu
[21:01:38] [Render thread/INFO]: [me.vierdant.playeremotes.PlayeremotesClient:onClientTick:60]: attmpt opened menu
[21:01:38] [Render thread/INFO]: [me.vierdant.playeremotes.PlayeremotesClient:onClientTick:60]: attmpt opened menu
[21:01:38] [Render thread/INFO]: [me.vierdant.playeremotes.PlayeremotesClient:onClientTick:60]: attmpt opened menu
[21:01:38] [Render thread/INFO]: [me.vierdant.playeremotes.PlayeremotesClient:onClientTick:60]: attmpt opened menu
[21:01:38] [Render thread/INFO]: [me.vierdant.playeremotes.PlayeremotesClient:onClientTick:60]: attmpt opened menu
[21:01:38] [Render thread/INFO]: [me.vierdant.playeremotes.PlayeremotesClient:onClientTick:60]: attmpt opened menu
[21:01:38] [Render thread/INFO]: [me.vierdant.playeremotes.PlayeremotesClient:onClientTick:60]: attmpt opened menu
[21:01:38] [Render thread/INFO]: [me.vierdant.playeremotes.PlayeremotesClient:onClientTick:60]: attmpt opened menu
[21:01:38] [Render thread/INFO]: [me.vierdant.playeremotes.PlayeremotesClient:onClientTick:60]: attmpt opened menu
[21:01:38] [Render thread/INFO]: [me.vierdant.playeremotes.PlayeremotesClient:onClientTick:60]: attmpt opened menu
[21:01:38] [Render thread/INFO]: [me.vierdant.playeremotes.PlayeremotesClient:onClientTick:60]: attmpt opened menu
[21:01:38] [Render thread/INFO]: [me.vierdant.playeremotes.PlayeremotesClient:onClientTick:60]: attmpt opened menu
[21:01:38] [Render thread/INFO]: [me.vierdant.playeremotes.PlayeremotesClient:onClientTick:60]: attmpt opened menu
[21:01:38] [Render thread/INFO]: [me.vierdant.playeremotes.PlayeremotesClient:onClientTick:60]: attmpt opened menu
[21:01:38] [Render thread/INFO]: [me.vierdant.playeremotes.PlayeremotesClient:onClientTick:60]: attmpt opened menu
[21:01:38] [Render thread/INFO]: [me.vierdant.playeremotes.PlayeremotesClient:onClientTick:60]: attmpt opened menu
[21:01:38] [Render thread/INFO]: [me.vierdant.playeremotes.PlayeremotesClient:onClientTick:60]: attmpt opened menu
[21:01:38] [Render thread/INFO]: [me.vierdant.playeremotes.PlayeremotesClient:onClientTick:60]: attmpt opened menu
[21:01:38] [Render thread/INFO]: [me.vierdant.playeremotes.PlayeremotesClient:onClientTick:60]: attmpt opened menu
[21:01:38] [Render thread/INFO]: [me.vierdant.playeremotes.PlayeremotesClient:onClientTick:60]: attmpt opened menu
[21:01:39] [Render thread/INFO]: [me.vierdant.playeremotes.PlayeremotesClient:onClientTick:60]: attmpt opened menu
[21:01:39] [Render thread/INFO]: [me.vierdant.playeremotes.PlayeremotesClient:onClientTick:60]: attmpt opened menu
[21:01:39] [Render thread/INFO]: [me.vierdant.playeremotes.PlayeremotesClient:onClientTick:60]: attmpt opened menu
[21:01:39] [Render thread/INFO]: [me.vierdant.playeremotes.PlayeremotesClient:onClientTick:60]: attmpt opened menu
[21:01:39] [Render thread/INFO]: [me.vierdant.playeremotes.PlayeremotesClient:onClientTick:60]: attmpt opened menu
[21:01:39] [Render thread/INFO]: [me.vierdant.playeremotes.PlayeremotesClient:onClientTick:60]: attmpt opened menu
[21:01:39] [Render thread/INFO]: [me.vierdant.playeremotes.PlayeremotesClient:onClientTick:60]: attmpt opened menu
[21:01:39] [Render thread/INFO]: [me.vierdant.playeremotes.PlayeremotesClient:onClientTick:60]: attmpt opened menu
[21:01:39] [Render thread/INFO]: [me.vierdant.playeremotes.PlayeremotesClient:onClientTick:60]: attmpt opened menu
[21:01:39] [Render thread/INFO]: [me.vierdant.playeremotes.PlayeremotesClient:onClientTick:60]: attmpt opened menu
[21:01:39] [Render thread/INFO]: [me.vierdant.playeremotes.PlayeremotesClient:onClientTick:60]: attmpt opened menu
[21:01:39] [Render thread/INFO]: [me.vierdant.playeremotes.PlayeremotesClient:onClientTick:60]: attmpt opened menu
[21:01:39] [Render thread/INFO]: [me.vierdant.playeremotes.PlayeremotesClient:onClientTick:60]: attmpt opened menu
[21:01:39] [Render thread/INFO]: [me.vierdant.playeremotes.PlayeremotesClient:onClientTick:60]: attmpt opened menu
[21:01:39] [Render thread/INFO]: [me.vierdant.playeremotes.PlayeremotesClient:onClientTick:60]: attmpt opened menu
[21:01:39] [Render thread/INFO]: [me.vierdant.playeremotes.PlayeremotesClient:onClientTick:60]: attmpt opened menu
[21:01:39] [Render thread/INFO]: [me.vierdant.playeremotes.PlayeremotesClient:onClientTick:60]: attmpt opened menu
[21:01:39] [Render thread/INFO]: [me.vierdant.playeremotes.PlayeremotesClient:onClientTick:60]: attmpt opened menu
[21:01:39] [Render thread/INFO]: [me.vierdant.playeremotes.PlayeremotesClient:onClientTick:60]: attmpt opened menu
[21:01:39] [Render thread/INFO]: [me.vierdant.playeremotes.PlayeremotesClient:onClientTick:60]: attmpt opened menu
[21:01:40] [Render thread/INFO]: [me.vierdant.playeremotes.PlayeremotesClient:onClientTick:60]: attmpt opened menu
[21:01:40] [Render thread/INFO]: [me.vierdant.playeremotes.PlayeremotesClient:onClientTick:60]: attmpt opened menu
[21:01:40] [Render thread/INFO]: [me.vierdant.playeremotes.PlayeremotesClient:onClientTick:60]: attmpt opened menu
[21:01:40] [Render thread/INFO]: [me.vierdant.playeremotes.PlayeremotesClient:onClientTick:60]: attmpt opened menu
[21:01:40] [Render thread/INFO]: [me.vierdant.playeremotes.PlayeremotesClient:onClientTick:60]: attmpt opened menu
[21:01:40] [Render thread/INFO]: [me.vierdant.playeremotes.PlayeremotesClient:onClientTick:60]: attmpt opened menu
[21:01:40] [Render thread/INFO]: [me.vierdant.playeremotes.PlayeremotesClient:onClientTick:60]: attmpt opened menu
[21:01:40] [Render thread/INFO]: [me.vierdant.playeremotes.PlayeremotesClient:onClientTick:60]: attmpt opened menu
[21:01:40] [Render thread/INFO]: [me.vierdant.playeremotes.PlayeremotesClient:onClientTick:60]: attmpt opened menu
[21:01:40] [Render thread/INFO]: [me.vierdant.playeremotes.PlayeremotesClient:onClientTick:60]: attmpt opened menu
[21:01:40] [Render thread/INFO]: [me.vierdant.playeremotes.PlayeremotesClient:onClientTick:60]: attmpt opened menu
[21:01:40] [Render thread/INFO]: [me.vierdant.playeremotes.PlayeremotesClient:onClientTick:60]: attmpt opened menu
[21:01:40] [Render thread/INFO]: [me.vierdant.playeremotes.PlayeremotesClient:onClientTick:60]: attmpt opened menu
[21:01:40] [Render thread/INFO]: [me.vierdant.playeremotes.PlayeremotesClient:onClientTick:60]: attmpt opened menu
[21:01:40] [Render thread/INFO]: [me.vierdant.playeremotes.PlayeremotesClient:onClientTick:60]: attmpt opened menu
[21:01:40] [Render thread/INFO]: [me.vierdant.playeremotes.PlayeremotesClient:onClientTick:60]: attmpt opened menu
[21:01:40] [Render thread/INFO]: [me.vierdant.playeremotes.PlayeremotesClient:onClientTick:60]: attmpt opened menu
[21:01:40] [Render thread/INFO]: [me.vierdant.playeremotes.PlayeremotesClient:onClientTick:60]: attmpt opened menu
[21:01:40] [Render thread/INFO]: [me.vierdant.playeremotes.PlayeremotesClient:onClientTick:60]: attmpt opened menu
[21:01:40] [Render thread/INFO]: [me.vierdant.playeremotes.PlayeremotesClient:onClientTick:60]: attmpt opened menu
[21:01:41] [Render thread/INFO]: [me.vierdant.playeremotes.PlayeremotesClient:onClientTick:60]: attmpt opened menu
[21:01:41] [Render thread/INFO]: [me.vierdant.playeremotes.PlayeremotesClient:onClientTick:60]: attmpt opened menu
[21:01:41] [Render thread/INFO]: [me.vierdant.playeremotes.PlayeremotesClient:onClientTick:60]: attmpt opened menu
[21:01:41] [Render thread/INFO]: [me.vierdant.playeremotes.PlayeremotesClient:onClientTick:60]: attmpt opened menu
[21:01:41] [Render thread/INFO]: [me.vierdant.playeremotes.PlayeremotesClient:onClientTick:60]: attmpt opened menu
[21:01:41] [Render thread/INFO]: [me.vierdant.playeremotes.PlayeremotesClient:onClientTick:60]: attmpt opened menu
[21:01:41] [Render thread/INFO]: [me.vierdant.playeremotes.PlayeremotesClient:onClientTick:60]: attmpt opened menu
[21:01:41] [Render thread/INFO]: [me.vierdant.playeremotes.PlayeremotesClient:onClientTick:60]: attmpt opened menu
[21:01:41] [Render thread/INFO]: [me.vierdant.playeremotes.PlayeremotesClient:onClientTick:60]: attmpt opened menu
[21:01:41] [Render thread/INFO]: [me.vierdant.playeremotes.PlayeremotesClient:onClientTick:60]: attmpt opened menu
[21:01:41] [Render thread/INFO]: [me.vierdant.playeremotes.PlayeremotesClient:onClientTick:60]: attmpt opened menu
[21:01:41] [Render thread/INFO]: [me.vierdant.playeremotes.PlayeremotesClient:onClientTick:60]: attmpt opened menu
[21:01:41] [Render thread/INFO]: [me.vierdant.playeremotes.PlayeremotesClient:onClientTick:60]: attmpt opened menu
[21:01:41] [Render thread/INFO]: [me.vierdant.playeremotes.PlayeremotesClient:onClientTick:60]: attmpt opened menu
[21:01:41] [Render thread/INFO]: [me.vierdant.playeremotes.PlayeremotesClient:onClientTick:60]: attmpt opened menu
[21:01:41] [Render thread/INFO]: [me.vierdant.playeremotes.PlayeremotesClient:onClientTick:60]: attmpt opened menu
[21:01:41] [Render thread/INFO]: [me.vierdant.playeremotes.PlayeremotesClient:onClientTick:60]: attmpt opened menu
[21:01:41] [Render thread/INFO]: [me.vierdant.playeremotes.PlayeremotesClient:onClientTick:60]: attmpt opened menu
[21:01:41] [Render thread/INFO]: [me.vierdant.playeremotes.PlayeremotesClient:onClientTick:60]: attmpt opened menu
[21:01:41] [Render thread/INFO]: [me.vierdant.playeremotes.PlayeremotesClient:onClientTick:60]: attmpt opened menu
[21:01:42] [Render thread/INFO]: [me.vierdant.playeremotes.PlayeremotesClient:onClientTick:60]: attmpt opened menu
[21:01:42] [Render thread/INFO]: [me.vierdant.playeremotes.PlayeremotesClient:onClientTick:60]: attmpt opened menu
[21:01:42] [Render thread/INFO]: [me.vierdant.playeremotes.PlayeremotesClient:onClientTick:60]: attmpt opened menu
[21:01:42] [Render thread/INFO]: [me.vierdant.playeremotes.PlayeremotesClient:onClientTick:60]: attmpt opened menu
[21:01:42] [Render thread/INFO]: [me.vierdant.playeremotes.PlayeremotesClient:onClientTick:60]: attmpt opened menu
[21:01:42] [Render thread/INFO]: [me.vierdant.playeremotes.PlayeremotesClient:onClientTick:60]: attmpt opened menu
[21:01:42] [Render thread/INFO]: [me.vierdant.playeremotes.PlayeremotesClient:onClientTick:60]: attmpt opened menu
[21:01:42] [Render thread/INFO]: [me.vierdant.playeremotes.PlayeremotesClient:onClientTick:60]: attmpt opened menu
[21:01:42] [Render thread/INFO]: [me.vierdant.playeremotes.PlayeremotesClient:onClientTick:60]: attmpt opened menu
[21:01:42] [Render thread/INFO]: [me.vierdant.playeremotes.PlayeremotesClient:onClientTick:60]: attmpt opened menu
[21:01:42] [Render thread/INFO]: [me.vierdant.playeremotes.PlayeremotesClient:onClientTick:60]: attmpt opened menu
[21:01:42] [Render thread/INFO]: [me.vierdant.playeremotes.PlayeremotesClient:onClientTick:60]: attmpt opened menu
[21:01:42] [Render thread/INFO]: [me.vierdant.playeremotes.PlayeremotesClient:onClientTick:60]: attmpt opened menu
[21:01:42] [Render thread/INFO]: [me.vierdant.playeremotes.PlayeremotesClient:onClientTick:60]: attmpt opened menu
[21:01:42] [Render thread/INFO]: [me.vierdant.playeremotes.PlayeremotesClient:onClientTick:60]: attmpt opened menu
[21:01:42] [Render thread/INFO]: [me.vierdant.playeremotes.PlayeremotesClient:onClientTick:60]: attmpt opened menu
[21:01:42] [Render thread/INFO]: [me.vierdant.playeremotes.PlayeremotesClient:onClientTick:60]: attmpt opened menu
[21:01:42] [Render thread/INFO]: [me.vierdant.playeremotes.PlayeremotesClient:onClientTick:60]: attmpt opened menu
[21:01:42] [Render thread/INFO]: [me.vierdant.playeremotes.PlayeremotesClient:onClientTick:60]: attmpt opened menu
[21:01:42] [Render thread/INFO]: [me.vierdant.playeremotes.PlayeremotesClient:onClientTick:60]: attmpt opened menu
[21:01:43] [Render thread/INFO]: [me.vierdant.playeremotes.PlayeremotesClient:onClientTick:60]: attmpt opened menu
[21:01:43] [Render thread/INFO]: [me.vierdant.playeremotes.PlayeremotesClient:onClientTick:60]: attmpt opened menu
[21:01:43] [Render thread/INFO]: [me.vierdant.playeremotes.PlayeremotesClient:onClientTick:60]: attmpt opened menu
[21:01:43] [Render thread/INFO]: [me.vierdant.playeremotes.PlayeremotesClient:onClientTick:60]: attmpt opened menu
[21:01:43] [Render thread/INFO]: [me.vierdant.playeremotes.PlayeremotesClient:onClientTick:60]: attmpt opened menu
[21:01:43] [Render thread/INFO]: [me.vierdant.playeremotes.PlayeremotesClient:onClientTick:60]: attmpt opened menu
[21:01:43] [Render thread/INFO]: [me.vierdant.playeremotes.PlayeremotesClient:onClientTick:60]: attmpt opened menu
[21:01:43] [Render thread/INFO]: [me.vierdant.playeremotes.PlayeremotesClient:onClientTick:60]: attmpt opened menu
[21:01:43] [Render thread/INFO]: [me.vierdant.playeremotes.PlayeremotesClient:onClientTick:60]: attmpt opened menu
[21:01:43] [Render thread/INFO]: [me.vierdant.playeremotes.PlayeremotesClient:onClientTick:60]: attmpt opened menu
[21:01:43] [Render thread/INFO]: [me.vierdant.playeremotes.PlayeremotesClient:onClientTick:60]: attmpt opened menu
[21:01:43] [Render thread/INFO]: [me.vierdant.playeremotes.PlayeremotesClient:onClientTick:60]: attmpt opened menu
[21:01:43] [Render thread/INFO]: [me.vierdant.playeremotes.PlayeremotesClient:onClientTick:60]: attmpt opened menu
[21:01:43] [Render thread/INFO]: [me.vierdant.playeremotes.PlayeremotesClient:onClientTick:60]: attmpt opened menu
[21:01:43] [Render thread/INFO]: [me.vierdant.playeremotes.PlayeremotesClient:onClientTick:60]: attmpt opened menu
[21:01:43] [Render thread/INFO]: [me.vierdant.playeremotes.PlayeremotesClient:onClientTick:60]: attmpt opened menu
[21:01:43] [Render thread/INFO]: [me.vierdant.playeremotes.PlayeremotesClient:onClientTick:60]: attmpt opened menu
[21:01:43] [Render thread/INFO]: [me.vierdant.playeremotes.PlayeremotesClient:onClientTick:60]: attmpt opened menu
[21:01:43] [Render thread/INFO]: [me.vierdant.playeremotes.PlayeremotesClient:onClientTick:60]: attmpt opened menu
[21:01:43] [Render thread/INFO]: [me.vierdant.playeremotes.PlayeremotesClient:onClientTick:60]: attmpt opened menu
[21:01:44] [Render thread/INFO]: [me.vierdant.playeremotes.PlayeremotesClient:onClientTick:60]: attmpt opened menu
[21:01:44] [Render thread/INFO]: [me.vierdant.playeremotes.PlayeremotesClient:onClientTick:60]: attmpt opened menu
[21:01:44] [Render thread/INFO]: [me.vierdant.playeremotes.PlayeremotesClient:onClientTick:60]: attmpt opened menu
[21:01:44] [Render thread/INFO]: [me.vierdant.playeremotes.PlayeremotesClient:onClientTick:60]: attmpt opened menu
[21:01:44] [Render thread/INFO]: [me.vierdant.playeremotes.PlayeremotesClient:onClientTick:60]: attmpt opened menu
[21:01:44] [Render thread/INFO]: [me.vierdant.playeremotes.PlayeremotesClient:onClientTick:60]: attmpt opened menu
[21:01:44] [Render thread/INFO]: [me.vierdant.playeremotes.PlayeremotesClient:onClientTick:60]: attmpt opened menu
[21:01:44] [Render thread/INFO]: [me.vierdant.playeremotes.PlayeremotesClient:onClientTick:60]: attmpt opened menu
[21:01:44] [Render thread/INFO]: [me.vierdant.playeremotes.PlayeremotesClient:onClientTick:60]: attmpt opened menu
[21:01:44] [Render thread/INFO]: [me.vierdant.playeremotes.PlayeremotesClient:onClientTick:60]: attmpt opened menu
[21:01:44] [Render thread/INFO]: [me.vierdant.playeremotes.PlayeremotesClient:onClientTick:60]: attmpt opened menu
[21:01:44] [Render thread/INFO]: [me.vierdant.playeremotes.PlayeremotesClient:onClientTick:60]: attmpt opened menu
[21:01:44] [Render thread/INFO]: [me.vierdant.playeremotes.PlayeremotesClient:onClientTick:60]: attmpt opened menu
[21:01:44] [Render thread/INFO]: [me.vierdant.playeremotes.PlayeremotesClient:onClientTick:60]: attmpt opened menu
[21:01:44] [Render thread/INFO]: [me.vierdant.playeremotes.PlayeremotesClient:onClientTick:60]: attmpt opened menu
[21:01:44] [Render thread/INFO]: [me.vierdant.playeremotes.PlayeremotesClient:onClientTick:60]: attmpt opened menu
[21:01:44] [Render thread/INFO]: [me.vierdant.playeremotes.PlayeremotesClient:onClientTick:60]: attmpt opened menu
[21:01:44] [Render thread/INFO]: [me.vierdant.playeremotes.PlayeremotesClient:onClientTick:60]: attmpt opened menu
[21:01:44] [Render thread/INFO]: [me.vierdant.playeremotes.PlayeremotesClient:onClientTick:60]: attmpt opened menu
[21:01:44] [Render thread/INFO]: [me.vierdant.playeremotes.PlayeremotesClient:onClientTick:60]: attmpt opened menu
[21:01:45] [Render thread/INFO]: [me.vierdant.playeremotes.PlayeremotesClient:onClientTick:60]: attmpt opened menu
[21:01:45] [Render thread/INFO]: [me.vierdant.playeremotes.PlayeremotesClient:onClientTick:60]: attmpt opened menu
[21:01:45] [Render thread/INFO]: [me.vierdant.playeremotes.PlayeremotesClient:onClientTick:60]: attmpt opened menu
[21:01:45] [Render thread/INFO]: [me.vierdant.playeremotes.PlayeremotesClient:onClientTick:60]: attmpt opened menu
[21:01:45] [Render thread/INFO]: [me.vierdant.playeremotes.PlayeremotesClient:onClientTick:60]: attmpt opened menu
[21:01:45] [Render thread/INFO]: [me.vierdant.playeremotes.PlayeremotesClient:onClientTick:60]: attmpt opened menu
[21:01:45] [Render thread/INFO]: [me.vierdant.playeremotes.PlayeremotesClient:onClientTick:60]: attmpt opened menu
[21:01:45] [Render thread/INFO]: [me.vierdant.playeremotes.PlayeremotesClient:onClientTick:60]: attmpt opened menu
[21:01:45] [Render thread/INFO]: [me.vierdant.playeremotes.PlayeremotesClient:onClientTick:60]: attmpt opened menu
[21:01:45] [Render thread/INFO]: [me.vierdant.playeremotes.PlayeremotesClient:onClientTick:60]: attmpt opened menu
[21:01:45] [Render thread/INFO]: [me.vierdant.playeremotes.PlayeremotesClient:onClientTick:60]: attmpt opened menu
[21:01:45] [Render thread/INFO]: [me.vierdant.playeremotes.PlayeremotesClient:onClientTick:60]: attmpt opened menu
[21:01:45] [Render thread/INFO]: [me.vierdant.playeremotes.PlayeremotesClient:onClientTick:60]: attmpt opened menu
[21:01:45] [Render thread/INFO]: [me.vierdant.playeremotes.PlayeremotesClient:onClientTick:60]: attmpt opened menu
[21:01:45] [Render thread/INFO]: [me.vierdant.playeremotes.PlayeremotesClient:onClientTick:60]: attmpt opened menu
[21:01:45] [Render thread/INFO]: [me.vierdant.playeremotes.PlayeremotesClient:onClientTick:60]: attmpt opened menu
[21:01:45] [Render thread/INFO]: [me.vierdant.playeremotes.PlayeremotesClient:onClientTick:60]: attmpt opened menu
[21:01:45] [Render thread/INFO]: [me.vierdant.playeremotes.PlayeremotesClient:onClientTick:60]: attmpt opened menu
[21:01:45] [Render thread/INFO]: [me.vierdant.playeremotes.PlayeremotesClient:onClientTick:60]: attmpt opened menu
[21:01:45] [Render thread/INFO]: [me.vierdant.playeremotes.PlayeremotesClient:onClientTick:60]: attmpt opened menu
[21:01:46] [Render thread/INFO]: [me.vierdant.playeremotes.PlayeremotesClient:onClientTick:60]: attmpt opened menu
[21:01:46] [Render thread/INFO]: [me.vierdant.playeremotes.PlayeremotesClient:onClientTick:60]: attmpt opened menu
[21:01:46] [Render thread/INFO]: [me.vierdant.playeremotes.PlayeremotesClient:onClientTick:60]: attmpt opened menu
[21:01:46] [Render thread/INFO]: [me.vierdant.playeremotes.PlayeremotesClient:onClientTick:60]: attmpt opened menu
[21:01:46] [Render thread/INFO]: [me.vierdant.playeremotes.PlayeremotesClient:onClientTick:60]: attmpt opened menu
[21:01:46] [Render thread/INFO]: [me.vierdant.playeremotes.PlayeremotesClient:onClientTick:60]: attmpt opened menu
[21:01:46] [Render thread/INFO]: [me.vierdant.playeremotes.PlayeremotesClient:onClientTick:60]: attmpt opened menu
[21:01:46] [Render thread/INFO]: [me.vierdant.playeremotes.PlayeremotesClient:onClientTick:60]: attmpt opened menu
[21:01:46] [Render thread/INFO]: [me.vierdant.playeremotes.PlayeremotesClient:onClientTick:60]: attmpt opened menu
[21:01:46] [Render thread/INFO]: [me.vierdant.playeremotes.PlayeremotesClient:onClientTick:60]: attmpt opened menu
[21:01:46] [Render thread/INFO]: [me.vierdant.playeremotes.PlayeremotesClient:onClientTick:60]: attmpt opened menu
[21:01:46] [Render thread/INFO]: [me.vierdant.playeremotes.PlayeremotesClient:onClientTick:60]: attmpt opened menu
[21:01:46] [Render thread/INFO]: [me.vierdant.playeremotes.PlayeremotesClient:onClientTick:60]: attmpt opened menu
[21:01:46] [Render thread/INFO]: [me.vierdant.playeremotes.PlayeremotesClient:onClientTick:60]: attmpt opened menu
[21:01:46] [Render thread/INFO]: [me.vierdant.playeremotes.PlayeremotesClient:onClientTick:60]: attmpt opened menu
[21:01:46] [Render thread/INFO]: [me.vierdant.playeremotes.PlayeremotesClient:onClientTick:60]: attmpt opened menu
[21:01:46] [Render thread/INFO]: [me.vierdant.playeremotes.PlayeremotesClient:onClientTick:60]: attmpt opened menu
[21:01:46] [Render thread/INFO]: [me.vierdant.playeremotes.PlayeremotesClient:onClientTick:60]: attmpt opened menu
[21:01:46] [Render thread/INFO]: [me.vierdant.playeremotes.PlayeremotesClient:onClientTick:60]: attmpt opened menu
[21:01:46] [Render thread/INFO]: [me.vierdant.playeremotes.PlayeremotesClient:onClientTick:60]: attmpt opened menu
[21:01:47] [Render thread/INFO]: [me.vierdant.playeremotes.PlayeremotesClient:onClientTick:60]: attmpt opened menu
[21:01:47] [Render thread/INFO]: [me.vierdant.playeremotes.PlayeremotesClient:onClientTick:60]: attmpt opened menu
[21:01:47] [Render thread/INFO]: [me.vierdant.playeremotes.PlayeremotesClient:onClientTick:60]: attmpt opened menu
[21:01:47] [Render thread/INFO]: [me.vierdant.playeremotes.PlayeremotesClient:onClientTick:60]: attmpt opened menu
[21:01:47] [Render thread/INFO]: [me.vierdant.playeremotes.PlayeremotesClient:onClientTick:60]: attmpt opened menu
[21:01:47] [Render thread/INFO]: [me.vierdant.playeremotes.PlayeremotesClient:onClientTick:60]: attmpt opened menu
[21:01:47] [Render thread/INFO]: [me.vierdant.playeremotes.PlayeremotesClient:onClientTick:60]: attmpt opened menu
[21:01:47] [Render thread/INFO]: [me.vierdant.playeremotes.PlayeremotesClient:onClientTick:60]: attmpt opened menu
[21:01:47] [Render thread/INFO]: [me.vierdant.playeremotes.PlayeremotesClient:onClientTick:60]: attmpt opened menu
[21:01:47] [Render thread/INFO]: [me.vierdant.playeremotes.PlayeremotesClient:onClientTick:60]: attmpt opened menu
[21:01:47] [Render thread/INFO]: [me.vierdant.playeremotes.PlayeremotesClient:onClientTick:60]: attmpt opened menu
[21:01:47] [Render thread/INFO]: [me.vierdant.playeremotes.PlayeremotesClient:onClientTick:60]: attmpt opened menu
[21:01:47] [Render thread/INFO]: [me.vierdant.playeremotes.PlayeremotesClient:onClientTick:60]: attmpt opened menu
[21:01:47] [Render thread/INFO]: [me.vierdant.playeremotes.PlayeremotesClient:onClientTick:60]: attmpt opened menu
[21:01:47] [Render thread/INFO]: [me.vierdant.playeremotes.PlayeremotesClient:onClientTick:60]: attmpt opened menu
[21:01:47] [Render thread/INFO]: [me.vierdant.playeremotes.PlayeremotesClient:onClientTick:60]: attmpt opened menu
[21:01:47] [Render thread/INFO]: [me.vierdant.playeremotes.PlayeremotesClient:onClientTick:60]: attmpt opened menu
[21:01:47] [Render thread/INFO]: [me.vierdant.playeremotes.PlayeremotesClient:onClientTick:60]: attmpt opened menu
[21:01:47] [Render thread/INFO]: [me.vierdant.playeremotes.PlayeremotesClient:onClientTick:60]: attmpt opened menu
[21:01:47] [Render thread/INFO]: [me.vierdant.playeremotes.PlayeremotesClient:onClientTick:60]: attmpt opened menu
[21:01:48] [Render thread/INFO]: [me.vierdant.playeremotes.PlayeremotesClient:onClientTick:60]: attmpt opened menu
[21:01:48] [Render thread/INFO]: [me.vierdant.playeremotes.PlayeremotesClient:onClientTick:60]: attmpt opened menu
[21:01:48] [Render thread/INFO]: [me.vierdant.playeremotes.PlayeremotesClient:onClientTick:60]: attmpt opened menu
[21:01:48] [Render thread/INFO]: [me.vierdant.playeremotes.PlayeremotesClient:onClientTick:60]: attmpt opened menu
[21:01:48] [Render thread/INFO]: [me.vierdant.playeremotes.PlayeremotesClient:onClientTick:60]: attmpt opened menu
[21:01:48] [Render thread/INFO]: [me.vierdant.playeremotes.PlayeremotesClient:onClientTick:60]: attmpt opened menu
[21:01:48] [Render thread/INFO]: [me.vierdant.playeremotes.PlayeremotesClient:onClientTick:60]: attmpt opened menu
[21:01:48] [Render thread/INFO]: [me.vierdant.playeremotes.PlayeremotesClient:onClientTick:60]: attmpt opened menu
[21:01:48] [Render thread/INFO]: [me.vierdant.playeremotes.PlayeremotesClient:onClientTick:60]: attmpt opened menu
[21:01:48] [Render thread/INFO]: [me.vierdant.playeremotes.PlayeremotesClient:onClientTick:60]: attmpt opened menu
[21:01:48] [Render thread/INFO]: [me.vierdant.playeremotes.PlayeremotesClient:onClientTick:60]: attmpt opened menu
[21:01:48] [Render thread/INFO]: [me.vierdant.playeremotes.PlayeremotesClient:onClientTick:60]: attmpt opened menu
[21:01:48] [Render thread/INFO]: [me.vierdant.playeremotes.PlayeremotesClient:onClientTick:60]: attmpt opened menu
[21:01:48] [Render thread/INFO]: [me.vierdant.playeremotes.PlayeremotesClient:onClientTick:60]: attmpt opened menu
[21:01:48] [Render thread/INFO]: [me.vierdant.playeremotes.PlayeremotesClient:onClientTick:60]: attmpt opened menu
[21:01:48] [Render thread/INFO]: [me.vierdant.playeremotes.PlayeremotesClient:onClientTick:60]: attmpt opened menu
[21:01:48] [Render thread/INFO]: [me.vierdant.playeremotes.PlayeremotesClient:onClientTick:60]: attmpt opened menu
[21:01:48] [Render thread/INFO]: [me.vierdant.playeremotes.PlayeremotesClient:onClientTick:60]: attmpt opened menu
[21:01:48] [Render thread/INFO]: [me.vierdant.playeremotes.PlayeremotesClient:onClientTick:60]: attmpt opened menu
[21:01:48] [Render thread/INFO]: [me.vierdant.playeremotes.PlayeremotesClient:onClientTick:60]: attmpt opened menu
[21:01:49] [Render thread/INFO]: [me.vierdant.playeremotes.PlayeremotesClient:onClientTick:60]: attmpt opened menu
[21:01:49] [Render thread/INFO]: [me.vierdant.playeremotes.PlayeremotesClient:onClientTick:60]: attmpt opened menu
[21:01:49] [Render thread/INFO]: [me.vierdant.playeremotes.PlayeremotesClient:onClientTick:60]: attmpt opened menu
[21:01:49] [Render thread/INFO]: [me.vierdant.playeremotes.PlayeremotesClient:onClientTick:60]: attmpt opened menu
[21:01:49] [Render thread/INFO]: [me.vierdant.playeremotes.PlayeremotesClient:onClientTick:60]: attmpt opened menu
[21:01:49] [Render thread/INFO]: [me.vierdant.playeremotes.PlayeremotesClient:onClientTick:60]: attmpt opened menu
[21:01:49] [Render thread/INFO]: [me.vierdant.playeremotes.PlayeremotesClient:onClientTick:60]: attmpt opened menu
[21:01:49] [Render thread/INFO]: [me.vierdant.playeremotes.PlayeremotesClient:onClientTick:60]: attmpt opened menu
[21:01:49] [Render thread/INFO]: [me.vierdant.playeremotes.PlayeremotesClient:onClientTick:60]: attmpt opened menu
[21:01:49] [Render thread/INFO]: [me.vierdant.playeremotes.PlayeremotesClient:onClientTick:60]: attmpt opened menu
[21:01:49] [Render thread/INFO]: [me.vierdant.playeremotes.PlayeremotesClient:onClientTick:60]: attmpt opened menu
[21:01:49] [Render thread/INFO]: [me.vierdant.playeremotes.PlayeremotesClient:onClientTick:60]: attmpt opened menu
[21:01:49] [Render thread/INFO]: [me.vierdant.playeremotes.PlayeremotesClient:onClientTick:60]: attmpt opened menu
[21:01:49] [Render thread/INFO]: [me.vierdant.playeremotes.PlayeremotesClient:onClientTick:60]: attmpt opened menu
[21:01:49] [Render thread/INFO]: [me.vierdant.playeremotes.PlayeremotesClient:onClientTick:60]: attmpt opened menu
[21:01:49] [Render thread/INFO]: [me.vierdant.playeremotes.PlayeremotesClient:onClientTick:60]: attmpt opened menu
[21:01:49] [Render thread/INFO]: [me.vierdant.playeremotes.PlayeremotesClient:onClientTick:60]: attmpt opened menu
[21:01:49] [Render thread/INFO]: [me.vierdant.playeremotes.PlayeremotesClient:onClientTick:60]: attmpt opened menu
[21:01:49] [Render thread/INFO]: [me.vierdant.playeremotes.PlayeremotesClient:onClientTick:60]: attmpt opened menu
[21:01:49] [Render thread/INFO]: [me.vierdant.playeremotes.PlayeremotesClient:onClientTick:60]: attmpt opened menu
[21:01:50] [Render thread/INFO]: [me.vierdant.playeremotes.PlayeremotesClient:onClientTick:60]: attmpt opened menu
[21:01:50] [Render thread/INFO]: [me.vierdant.playeremotes.PlayeremotesClient:onClientTick:60]: attmpt opened menu
[21:01:50] [Render thread/INFO]: [me.vierdant.playeremotes.PlayeremotesClient:onClientTick:60]: attmpt opened menu
[21:01:50] [Render thread/INFO]: [me.vierdant.playeremotes.PlayeremotesClient:onClientTick:60]: attmpt opened menu
[21:01:50] [Render thread/INFO]: [me.vierdant.playeremotes.PlayeremotesClient:onClientTick:60]: attmpt opened menu
[21:01:50] [Render thread/INFO]: [me.vierdant.playeremotes.PlayeremotesClient:onClientTick:60]: attmpt opened menu
[21:01:50] [Render thread/INFO]: [me.vierdant.playeremotes.PlayeremotesClient:onClientTick:60]: attmpt opened menu
[21:01:50] [Render thread/INFO]: [me.vierdant.playeremotes.PlayeremotesClient:onClientTick:60]: attmpt opened menu
[21:01:50] [Render thread/INFO]: [me.vierdant.playeremotes.PlayeremotesClient:onClientTick:60]: attmpt opened menu
[21:01:50] [Render thread/INFO]: [me.vierdant.playeremotes.PlayeremotesClient:onClientTick:60]: attmpt opened menu
[21:01:50] [Render thread/INFO]: [me.vierdant.playeremotes.PlayeremotesClient:onClientTick:60]: attmpt opened menu
[21:01:50] [Render thread/INFO]: [me.vierdant.playeremotes.PlayeremotesClient:onClientTick:60]: attmpt opened menu
[21:01:50] [Render thread/INFO]: [me.vierdant.playeremotes.PlayeremotesClient:onClientTick:60]: attmpt opened menu
[21:01:50] [Render thread/INFO]: [me.vierdant.playeremotes.PlayeremotesClient:onClientTick:60]: attmpt opened menu
[21:01:50] [Render thread/INFO]: [me.vierdant.playeremotes.PlayeremotesClient:onClientTick:60]: attmpt opened menu
[21:01:50] [Render thread/INFO]: [me.vierdant.playeremotes.PlayeremotesClient:onClientTick:60]: attmpt opened menu
[21:01:50] [Render thread/INFO]: [me.vierdant.playeremotes.PlayeremotesClient:onClientTick:60]: attmpt opened menu
[21:01:50] [Render thread/INFO]: [me.vierdant.playeremotes.PlayeremotesClient:onClientTick:60]: attmpt opened menu
[21:01:50] [Render thread/INFO]: [me.vierdant.playeremotes.PlayeremotesClient:onClientTick:60]: attmpt opened menu
[21:01:50] [Render thread/INFO]: [me.vierdant.playeremotes.PlayeremotesClient:onClientTick:60]: attmpt opened menu
[21:01:51] [Render thread/INFO]: [me.vierdant.playeremotes.PlayeremotesClient:onClientTick:60]: attmpt opened menu
[21:01:51] [Render thread/INFO]: [me.vierdant.playeremotes.PlayeremotesClient:onClientTick:60]: attmpt opened menu
[21:01:51] [Render thread/INFO]: [me.vierdant.playeremotes.PlayeremotesClient:onClientTick:60]: attmpt opened menu
[21:01:51] [Render thread/INFO]: [me.vierdant.playeremotes.PlayeremotesClient:onClientTick:60]: attmpt opened menu
[21:01:51] [Render thread/INFO]: [me.vierdant.playeremotes.PlayeremotesClient:onClientTick:60]: attmpt opened menu
[21:01:51] [Render thread/INFO]: [me.vierdant.playeremotes.PlayeremotesClient:onClientTick:60]: attmpt opened menu
[21:01:51] [Render thread/INFO]: [me.vierdant.playeremotes.PlayeremotesClient:onClientTick:60]: attmpt opened menu
[21:01:51] [Render thread/INFO]: [me.vierdant.playeremotes.PlayeremotesClient:onClientTick:60]: attmpt opened menu
[21:01:51] [Render thread/INFO]: [me.vierdant.playeremotes.PlayeremotesClient:onClientTick:60]: attmpt opened menu
[21:01:51] [Render thread/INFO]: [me.vierdant.playeremotes.PlayeremotesClient:onClientTick:60]: attmpt opened menu
[21:01:51] [Render thread/INFO]: [me.vierdant.playeremotes.PlayeremotesClient:onClientTick:60]: attmpt opened menu
[21:01:51] [Render thread/INFO]: [me.vierdant.playeremotes.PlayeremotesClient:onClientTick:60]: attmpt opened menu
[21:01:51] [Render thread/INFO]: [me.vierdant.playeremotes.PlayeremotesClient:onClientTick:60]: attmpt opened menu
[21:01:51] [Render thread/INFO]: [me.vierdant.playeremotes.PlayeremotesClient:onClientTick:60]: attmpt opened menu
[21:01:51] [Render thread/INFO]: [me.vierdant.playeremotes.PlayeremotesClient:onClientTick:60]: attmpt opened menu
[21:01:51] [Render thread/INFO]: [me.vierdant.playeremotes.PlayeremotesClient:onClientTick:60]: attmpt opened menu
[21:01:51] [Render thread/INFO]: [me.vierdant.playeremotes.PlayeremotesClient:onClientTick:60]: attmpt opened menu
[21:01:51] [Render thread/INFO]: [me.vierdant.playeremotes.PlayeremotesClient:onClientTick:60]: attmpt opened menu
[21:01:51] [Render thread/INFO]: [me.vierdant.playeremotes.PlayeremotesClient:onClientTick:60]: attmpt opened menu
[21:01:51] [Render thread/INFO]: [me.vierdant.playeremotes.PlayeremotesClient:onClientTick:60]: attmpt opened menu
[21:01:52] [Render thread/INFO]: [me.vierdant.playeremotes.PlayeremotesClient:onClientTick:60]: attmpt opened menu
[21:01:52] [Render thread/INFO]: [me.vierdant.playeremotes.PlayeremotesClient:onClientTick:60]: attmpt opened menu
[21:01:52] [Render thread/INFO]: [me.vierdant.playeremotes.PlayeremotesClient:onClientTick:60]: attmpt opened menu
[21:01:52] [Render thread/INFO]: [me.vierdant.playeremotes.PlayeremotesClient:onClientTick:60]: attmpt opened menu
[21:01:52] [Render thread/INFO]: [me.vierdant.playeremotes.PlayeremotesClient:onClientTick:60]: attmpt opened menu
[21:01:52] [Render thread/INFO]: [me.vierdant.playeremotes.PlayeremotesClient:onClientTick:60]: attmpt opened menu
[21:01:52] [Render thread/INFO]: [me.vierdant.playeremotes.PlayeremotesClient:onClientTick:60]: attmpt opened menu
[21:01:52] [Render thread/INFO]: [me.vierdant.playeremotes.PlayeremotesClient:onClientTick:60]: attmpt opened menu
[21:01:52] [Render thread/INFO]: [me.vierdant.playeremotes.PlayeremotesClient:onClientTick:60]: attmpt opened menu
[21:01:52] [Render thread/INFO]: [me.vierdant.playeremotes.PlayeremotesClient:onClientTick:60]: attmpt opened menu
[21:01:52] [Render thread/INFO]: [me.vierdant.playeremotes.PlayeremotesClient:onClientTick:60]: attmpt opened menu
[21:01:52] [Render thread/INFO]: [me.vierdant.playeremotes.PlayeremotesClient:onClientTick:60]: attmpt opened menu
[21:01:52] [Render thread/INFO]: [me.vierdant.playeremotes.PlayeremotesClient:onClientTick:60]: attmpt opened menu
[21:01:52] [Render thread/INFO]: [me.vierdant.playeremotes.PlayeremotesClient:onClientTick:60]: attmpt opened menu
[21:01:52] [Render thread/INFO]: [me.vierdant.playeremotes.PlayeremotesClient:onClientTick:60]: attmpt opened menu
[21:01:52] [Render thread/INFO]: [me.vierdant.playeremotes.PlayeremotesClient:onClientTick:60]: attmpt opened menu
[21:01:52] [Render thread/INFO]: [me.vierdant.playeremotes.PlayeremotesClient:onClientTick:60]: attmpt opened menu
[21:01:52] [Render thread/INFO]: [me.vierdant.playeremotes.PlayeremotesClient:onClientTick:60]: attmpt opened menu
[21:01:52] [Render thread/INFO]: [me.vierdant.playeremotes.PlayeremotesClient:onClientTick:60]: attmpt opened menu
[21:01:52] [Render thread/INFO]: [me.vierdant.playeremotes.PlayeremotesClient:onClientTick:60]: attmpt opened menu
[21:01:53] [Render thread/INFO]: [me.vierdant.playeremotes.PlayeremotesClient:onClientTick:60]: attmpt opened menu
[21:01:53] [Render thread/INFO]: [me.vierdant.playeremotes.PlayeremotesClient:onClientTick:60]: attmpt opened menu
[21:01:53] [Render thread/INFO]: [me.vierdant.playeremotes.PlayeremotesClient:onClientTick:60]: attmpt opened menu
[21:01:53] [Render thread/INFO]: [me.vierdant.playeremotes.PlayeremotesClient:onClientTick:60]: attmpt opened menu
[21:01:53] [Render thread/INFO]: [me.vierdant.playeremotes.PlayeremotesClient:onClientTick:60]: attmpt opened menu
[21:01:53] [Render thread/INFO]: [me.vierdant.playeremotes.PlayeremotesClient:onClientTick:60]: attmpt opened menu
[21:01:53] [Render thread/INFO]: [me.vierdant.playeremotes.PlayeremotesClient:onClientTick:60]: attmpt opened menu
[21:01:53] [Render thread/INFO]: [me.vierdant.playeremotes.PlayeremotesClient:onClientTick:60]: attmpt opened menu
[21:01:53] [Render thread/INFO]: [me.vierdant.playeremotes.PlayeremotesClient:onClientTick:60]: attmpt opened menu
[21:01:53] [Render thread/INFO]: [me.vierdant.playeremotes.PlayeremotesClient:onClientTick:60]: attmpt opened menu
[21:01:53] [Render thread/INFO]: [me.vierdant.playeremotes.PlayeremotesClient:onClientTick:60]: attmpt opened menu
[21:01:53] [Render thread/INFO]: [me.vierdant.playeremotes.PlayeremotesClient:onClientTick:60]: attmpt opened menu
[21:01:53] [Render thread/INFO]: [me.vierdant.playeremotes.PlayeremotesClient:onClientTick:60]: attmpt opened menu
[21:01:53] [Render thread/INFO]: [me.vierdant.playeremotes.PlayeremotesClient:onClientTick:60]: attmpt opened menu
[21:01:53] [Render thread/INFO]: [me.vierdant.playeremotes.PlayeremotesClient:onClientTick:60]: attmpt opened menu
[21:01:53] [Render thread/INFO]: [me.vierdant.playeremotes.PlayeremotesClient:onClientTick:60]: attmpt opened menu
[21:01:53] [Render thread/INFO]: [me.vierdant.playeremotes.PlayeremotesClient:onClientTick:60]: attmpt opened menu
[21:01:53] [Render thread/INFO]: [me.vierdant.playeremotes.PlayeremotesClient:onClientTick:60]: attmpt opened menu
[21:01:53] [Render thread/INFO]: [me.vierdant.playeremotes.PlayeremotesClient:onClientTick:60]: attmpt opened menu
[21:01:53] [Render thread/INFO]: [me.vierdant.playeremotes.PlayeremotesClient:onClientTick:60]: attmpt opened menu
[21:01:54] [Render thread/INFO]: [me.vierdant.playeremotes.PlayeremotesClient:onClientTick:60]: attmpt opened menu
[21:01:54] [Render thread/INFO]: [me.vierdant.playeremotes.PlayeremotesClient:onClientTick:60]: attmpt opened menu
[21:01:54] [Render thread/INFO]: [me.vierdant.playeremotes.PlayeremotesClient:onClientTick:60]: attmpt opened menu
[21:01:54] [Render thread/INFO]: [me.vierdant.playeremotes.PlayeremotesClient:onClientTick:60]: attmpt opened menu
[21:01:54] [Render thread/INFO]: [me.vierdant.playeremotes.PlayeremotesClient:onClientTick:60]: attmpt opened menu
[21:01:54] [Render thread/INFO]: [me.vierdant.playeremotes.PlayeremotesClient:onClientTick:60]: attmpt opened menu
[21:01:54] [Render thread/INFO]: [me.vierdant.playeremotes.PlayeremotesClient:onClientTick:60]: attmpt opened menu
[21:01:54] [Render thread/INFO]: [me.vierdant.playeremotes.PlayeremotesClient:onClientTick:60]: attmpt opened menu
[21:01:54] [Render thread/INFO]: [me.vierdant.playeremotes.PlayeremotesClient:onClientTick:60]: attmpt opened menu
[21:01:54] [Render thread/INFO]: [me.vierdant.playeremotes.PlayeremotesClient:onClientTick:60]: attmpt opened menu
[21:01:54] [Render thread/INFO]: [me.vierdant.playeremotes.PlayeremotesClient:onClientTick:60]: attmpt opened menu
[21:01:54] [Render thread/INFO]: [me.vierdant.playeremotes.PlayeremotesClient:onClientTick:60]: attmpt opened menu
[21:01:54] [Render thread/INFO]: [me.vierdant.playeremotes.PlayeremotesClient:onClientTick:60]: attmpt opened menu
[21:01:54] [Render thread/INFO]: [me.vierdant.playeremotes.PlayeremotesClient:onClientTick:60]: attmpt opened menu
[21:01:54] [Render thread/INFO]: [me.vierdant.playeremotes.PlayeremotesClient:onClientTick:60]: attmpt opened menu
[21:01:54] [Render thread/INFO]: [me.vierdant.playeremotes.PlayeremotesClient:onClientTick:60]: attmpt opened menu
[21:01:54] [Render thread/INFO]: [me.vierdant.playeremotes.PlayeremotesClient:onClientTick:60]: attmpt opened menu
[21:01:54] [Render thread/INFO]: [me.vierdant.playeremotes.PlayeremotesClient:onClientTick:60]: attmpt opened menu
[21:01:54] [Render thread/INFO]: [me.vierdant.playeremotes.PlayeremotesClient:onClientTick:60]: attmpt opened menu
[21:01:54] [Render thread/INFO]: [me.vierdant.playeremotes.PlayeremotesClient:onClientTick:60]: attmpt opened menu
[21:01:55] [Render thread/INFO]: [me.vierdant.playeremotes.PlayeremotesClient:onClientTick:60]: attmpt opened menu
[21:01:55] [Render thread/INFO]: [me.vierdant.playeremotes.PlayeremotesClient:onClientTick:60]: attmpt opened menu
[21:01:55] [Render thread/INFO]: [me.vierdant.playeremotes.PlayeremotesClient:onClientTick:60]: attmpt opened menu
[21:01:55] [Render thread/INFO]: [me.vierdant.playeremotes.PlayeremotesClient:onClientTick:60]: attmpt opened menu
[21:01:55] [Render thread/INFO]: [me.vierdant.playeremotes.PlayeremotesClient:onClientTick:60]: attmpt opened menu
[21:01:55] [Render thread/INFO]: [me.vierdant.playeremotes.PlayeremotesClient:onClientTick:60]: attmpt opened menu
[21:01:55] [Render thread/INFO]: [me.vierdant.playeremotes.PlayeremotesClient:onClientTick:60]: attmpt opened menu
[21:01:55] [Render thread/INFO]: [me.vierdant.playeremotes.PlayeremotesClient:onClientTick:60]: attmpt opened menu
[21:01:55] [Render thread/INFO]: [me.vierdant.playeremotes.PlayeremotesClient:onClientTick:60]: attmpt opened menu
[21:01:55] [Render thread/INFO]: [me.vierdant.playeremotes.PlayeremotesClient:onClientTick:60]: attmpt opened menu
[21:01:55] [Render thread/INFO]: [me.vierdant.playeremotes.PlayeremotesClient:onClientTick:60]: attmpt opened menu
[21:01:55] [Render thread/INFO]: [me.vierdant.playeremotes.PlayeremotesClient:onClientTick:60]: attmpt opened menu
[21:01:55] [Render thread/INFO]: [me.vierdant.playeremotes.PlayeremotesClient:onClientTick:60]: attmpt opened menu
[21:01:55] [Render thread/INFO]: [me.vierdant.playeremotes.PlayeremotesClient:onClientTick:60]: attmpt opened menu
[21:01:55] [Render thread/INFO]: [me.vierdant.playeremotes.PlayeremotesClient:onClientTick:60]: attmpt opened menu
[21:01:55] [Render thread/INFO]: [me.vierdant.playeremotes.PlayeremotesClient:onClientTick:60]: attmpt opened menu
[21:01:55] [Render thread/INFO]: [me.vierdant.playeremotes.PlayeremotesClient:onClientTick:60]: attmpt opened menu
[21:01:55] [Render thread/INFO]: [me.vierdant.playeremotes.PlayeremotesClient:onClientTick:60]: attmpt opened menu
[21:01:55] [Render thread/INFO]: [me.vierdant.playeremotes.PlayeremotesClient:onClientTick:60]: attmpt opened menu
[21:01:55] [Render thread/INFO]: [me.vierdant.playeremotes.PlayeremotesClient:onClientTick:60]: attmpt opened menu
[21:01:56] [Render thread/INFO]: [me.vierdant.playeremotes.PlayeremotesClient:onClientTick:60]: attmpt opened menu
[21:01:56] [Render thread/INFO]: [me.vierdant.playeremotes.PlayeremotesClient:onClientTick:60]: attmpt opened menu
[21:01:56] [Render thread/INFO]: [me.vierdant.playeremotes.PlayeremotesClient:onClientTick:60]: attmpt opened menu
[21:01:56] [Render thread/INFO]: [me.vierdant.playeremotes.PlayeremotesClient:onClientTick:60]: attmpt opened menu
[21:01:56] [Render thread/INFO]: [me.vierdant.playeremotes.PlayeremotesClient:onClientTick:60]: attmpt opened menu
[21:01:56] [Render thread/INFO]: [me.vierdant.playeremotes.PlayeremotesClient:onClientTick:60]: attmpt opened menu
[21:01:56] [Render thread/INFO]: [me.vierdant.playeremotes.PlayeremotesClient:onClientTick:60]: attmpt opened menu
[21:01:56] [Render thread/INFO]: [me.vierdant.playeremotes.PlayeremotesClient:onClientTick:60]: attmpt opened menu
[21:01:56] [Render thread/INFO]: [me.vierdant.playeremotes.PlayeremotesClient:onClientTick:60]: attmpt opened menu
[21:01:56] [Render thread/INFO]: [me.vierdant.playeremotes.PlayeremotesClient:onClientTick:60]: attmpt opened menu
[21:01:56] [Render thread/INFO]: [me.vierdant.playeremotes.PlayeremotesClient:onClientTick:60]: attmpt opened menu
[21:01:56] [Render thread/INFO]: [me.vierdant.playeremotes.PlayeremotesClient:onClientTick:60]: attmpt opened menu
[21:01:56] [Render thread/INFO]: [me.vierdant.playeremotes.PlayeremotesClient:onClientTick:60]: attmpt opened menu
[21:01:56] [Render thread/INFO]: [me.vierdant.playeremotes.PlayeremotesClient:onClientTick:60]: attmpt opened menu
[21:01:56] [Render thread/INFO]: [me.vierdant.playeremotes.PlayeremotesClient:onClientTick:60]: attmpt opened menu
[21:01:56] [Render thread/INFO]: [me.vierdant.playeremotes.PlayeremotesClient:onClientTick:60]: attmpt opened menu
[21:01:56] [Render thread/INFO]: [me.vierdant.playeremotes.PlayeremotesClient:onClientTick:60]: attmpt opened menu
[21:01:56] [Render thread/INFO]: [me.vierdant.playeremotes.PlayeremotesClient:onClientTick:60]: attmpt opened menu
[21:01:56] [Render thread/INFO]: [me.vierdant.playeremotes.PlayeremotesClient:onClientTick:60]: attmpt opened menu
[21:01:56] [Render thread/INFO]: [me.vierdant.playeremotes.PlayeremotesClient:onClientTick:60]: attmpt opened menu
[21:01:57] [Render thread/INFO]: [me.vierdant.playeremotes.PlayeremotesClient:onClientTick:60]: attmpt opened menu
[21:01:57] [Render thread/INFO]: [me.vierdant.playeremotes.PlayeremotesClient:onClientTick:60]: attmpt opened menu
[21:01:57] [Render thread/INFO]: [me.vierdant.playeremotes.PlayeremotesClient:onClientTick:60]: attmpt opened menu
[21:01:57] [Render thread/INFO]: [me.vierdant.playeremotes.PlayeremotesClient:onClientTick:60]: attmpt opened menu
[21:01:57] [Render thread/INFO]: [me.vierdant.playeremotes.PlayeremotesClient:onClientTick:60]: attmpt opened menu
[21:01:57] [Render thread/INFO]: [me.vierdant.playeremotes.PlayeremotesClient:onClientTick:60]: attmpt opened menu
[21:01:57] [Render thread/INFO]: [me.vierdant.playeremotes.PlayeremotesClient:onClientTick:60]: attmpt opened menu
[21:01:57] [Render thread/INFO]: [me.vierdant.playeremotes.PlayeremotesClient:onClientTick:60]: attmpt opened menu
[21:01:57] [Render thread/INFO]: [me.vierdant.playeremotes.PlayeremotesClient:onClientTick:60]: attmpt opened menu
[21:01:57] [Render thread/INFO]: [me.vierdant.playeremotes.PlayeremotesClient:onClientTick:60]: attmpt opened menu
[21:01:57] [Render thread/INFO]: [me.vierdant.playeremotes.PlayeremotesClient:onClientTick:60]: attmpt opened menu
[21:01:57] [Render thread/INFO]: [me.vierdant.playeremotes.PlayeremotesClient:onClientTick:60]: attmpt opened menu
[21:01:57] [Render thread/INFO]: [me.vierdant.playeremotes.PlayeremotesClient:onClientTick:60]: attmpt opened menu
[21:01:57] [Render thread/INFO]: [me.vierdant.playeremotes.PlayeremotesClient:onClientTick:60]: attmpt opened menu
[21:01:57] [Render thread/INFO]: [me.vierdant.playeremotes.PlayeremotesClient:onClientTick:60]: attmpt opened menu
[21:01:57] [Render thread/INFO]: [me.vierdant.playeremotes.PlayeremotesClient:onClientTick:60]: attmpt opened menu
[21:01:57] [Render thread/INFO]: [me.vierdant.playeremotes.PlayeremotesClient:onClientTick:60]: attmpt opened menu
[21:01:57] [Render thread/INFO]: [me.vierdant.playeremotes.PlayeremotesClient:onClientTick:60]: attmpt opened menu
[21:01:57] [Render thread/INFO]: [me.vierdant.playeremotes.PlayeremotesClient:onClientTick:60]: attmpt opened menu
[21:01:57] [Render thread/INFO]: [me.vierdant.playeremotes.PlayeremotesClient:onClientTick:60]: attmpt opened menu
[21:01:58] [Render thread/INFO]: [me.vierdant.playeremotes.PlayeremotesClient:onClientTick:60]: attmpt opened menu
[21:01:58] [Render thread/INFO]: [me.vierdant.playeremotes.PlayeremotesClient:onClientTick:60]: attmpt opened menu
[21:01:58] [Render thread/INFO]: [me.vierdant.playeremotes.PlayeremotesClient:onClientTick:60]: attmpt opened menu
[21:01:58] [Render thread/INFO]: [me.vierdant.playeremotes.PlayeremotesClient:onClientTick:60]: attmpt opened menu
[21:01:58] [Render thread/INFO]: [me.vierdant.playeremotes.PlayeremotesClient:onClientTick:60]: attmpt opened menu
[21:01:58] [Render thread/INFO]: [me.vierdant.playeremotes.PlayeremotesClient:onClientTick:60]: attmpt opened menu
[21:01:58] [Render thread/INFO]: [me.vierdant.playeremotes.PlayeremotesClient:onClientTick:60]: attmpt opened menu
[21:01:58] [Render thread/INFO]: [me.vierdant.playeremotes.PlayeremotesClient:onClientTick:60]: attmpt opened menu
[21:01:58] [Render thread/INFO]: [me.vierdant.playeremotes.PlayeremotesClient:onClientTick:60]: attmpt opened menu
[21:01:58] [Render thread/INFO]: [me.vierdant.playeremotes.PlayeremotesClient:onClientTick:60]: attmpt opened menu
[21:01:58] [Render thread/INFO]: [me.vierdant.playeremotes.PlayeremotesClient:onClientTick:60]: attmpt opened menu
[21:01:58] [Render thread/INFO]: [me.vierdant.playeremotes.PlayeremotesClient:onClientTick:60]: attmpt opened menu
[21:01:58] [Render thread/INFO]: [me.vierdant.playeremotes.PlayeremotesClient:onClientTick:60]: attmpt opened menu
[21:01:58] [Render thread/INFO]: [me.vierdant.playeremotes.PlayeremotesClient:onClientTick:60]: attmpt opened menu
[21:01:58] [Render thread/INFO]: [me.vierdant.playeremotes.PlayeremotesClient:onClientTick:60]: attmpt opened menu
[21:01:58] [Render thread/INFO]: [me.vierdant.playeremotes.PlayeremotesClient:onClientTick:60]: attmpt opened menu
[21:01:58] [Render thread/INFO]: [me.vierdant.playeremotes.PlayeremotesClient:onClientTick:60]: attmpt opened menu
[21:01:58] [Render thread/INFO]: [me.vierdant.playeremotes.PlayeremotesClient:onClientTick:60]: attmpt opened menu
[21:01:58] [Render thread/INFO]: [me.vierdant.playeremotes.PlayeremotesClient:onClientTick:60]: attmpt opened menu
[21:01:58] [Render thread/INFO]: [me.vierdant.playeremotes.PlayeremotesClient:onClientTick:60]: attmpt opened menu
[21:01:59] [Render thread/INFO]: [me.vierdant.playeremotes.PlayeremotesClient:onClientTick:60]: attmpt opened menu
[21:01:59] [Render thread/INFO]: [me.vierdant.playeremotes.PlayeremotesClient:onClientTick:60]: attmpt opened menu
[21:01:59] [Render thread/INFO]: [me.vierdant.playeremotes.PlayeremotesClient:onClientTick:60]: attmpt opened menu
[21:01:59] [Render thread/INFO]: [me.vierdant.playeremotes.PlayeremotesClient:onClientTick:60]: attmpt opened menu
[21:01:59] [Render thread/INFO]: [me.vierdant.playeremotes.PlayeremotesClient:onClientTick:60]: attmpt opened menu
[21:01:59] [Render thread/INFO]: [me.vierdant.playeremotes.PlayeremotesClient:onClientTick:60]: attmpt opened menu
[21:01:59] [Render thread/INFO]: [me.vierdant.playeremotes.PlayeremotesClient:onClientTick:60]: attmpt opened menu
[21:01:59] [Render thread/INFO]: [me.vierdant.playeremotes.PlayeremotesClient:onClientTick:60]: attmpt opened menu
[21:01:59] [Render thread/INFO]: [me.vierdant.playeremotes.PlayeremotesClient:onClientTick:60]: attmpt opened menu
[21:01:59] [Render thread/INFO]: [me.vierdant.playeremotes.PlayeremotesClient:onClientTick:60]: attmpt opened menu
[21:01:59] [Render thread/INFO]: [me.vierdant.playeremotes.PlayeremotesClient:onClientTick:60]: attmpt opened menu
[21:01:59] [Render thread/INFO]: [me.vierdant.playeremotes.PlayeremotesClient:onClientTick:60]: attmpt opened menu
[21:01:59] [Render thread/INFO]: [me.vierdant.playeremotes.PlayeremotesClient:onClientTick:60]: attmpt opened menu
[21:01:59] [Render thread/INFO]: [me.vierdant.playeremotes.PlayeremotesClient:onClientTick:60]: attmpt opened menu
[21:01:59] [Render thread/INFO]: [me.vierdant.playeremotes.PlayeremotesClient:onClientTick:60]: attmpt opened menu
[21:01:59] [Render thread/INFO]: [me.vierdant.playeremotes.PlayeremotesClient:onClientTick:60]: attmpt opened menu
[21:01:59] [Render thread/INFO]: [me.vierdant.playeremotes.PlayeremotesClient:onClientTick:60]: attmpt opened menu
[21:01:59] [Render thread/INFO]: [me.vierdant.playeremotes.PlayeremotesClient:onClientTick:60]: attmpt opened menu
[21:01:59] [Render thread/INFO]: [me.vierdant.playeremotes.PlayeremotesClient:onClientTick:60]: attmpt opened menu
[21:01:59] [Render thread/INFO]: [me.vierdant.playeremotes.PlayeremotesClient:onClientTick:60]: attmpt opened menu
[21:02:00] [Render thread/INFO]: [me.vierdant.playeremotes.PlayeremotesClient:onClientTick:60]: attmpt opened menu
[21:02:00] [Render thread/INFO]: [me.vierdant.playeremotes.PlayeremotesClient:onClientTick:60]: attmpt opened menu
[21:02:00] [Render thread/INFO]: [me.vierdant.playeremotes.PlayeremotesClient:onClientTick:60]: attmpt opened menu
[21:02:00] [Render thread/INFO]: [me.vierdant.playeremotes.PlayeremotesClient:onClientTick:60]: attmpt opened menu
[21:02:00] [Render thread/INFO]: [me.vierdant.playeremotes.PlayeremotesClient:onClientTick:60]: attmpt opened menu
[21:02:00] [Render thread/INFO]: [me.vierdant.playeremotes.PlayeremotesClient:onClientTick:60]: attmpt opened menu
[21:02:00] [Render thread/INFO]: [me.vierdant.playeremotes.PlayeremotesClient:onClientTick:60]: attmpt opened menu
[21:02:00] [Render thread/INFO]: [me.vierdant.playeremotes.PlayeremotesClient:onClientTick:60]: attmpt opened menu
[21:02:00] [Render thread/INFO]: [me.vierdant.playeremotes.PlayeremotesClient:onClientTick:60]: attmpt opened menu
[21:02:00] [Render thread/INFO]: [me.vierdant.playeremotes.PlayeremotesClient:onClientTick:60]: attmpt opened menu
[21:02:00] [Render thread/INFO]: [me.vierdant.playeremotes.PlayeremotesClient:onClientTick:60]: attmpt opened menu
[21:02:00] [Render thread/INFO]: [me.vierdant.playeremotes.PlayeremotesClient:onClientTick:60]: attmpt opened menu
[21:02:00] [Render thread/INFO]: [me.vierdant.playeremotes.PlayeremotesClient:onClientTick:60]: attmpt opened menu
[21:02:00] [Render thread/INFO]: [me.vierdant.playeremotes.PlayeremotesClient:onClientTick:60]: attmpt opened menu
[21:02:00] [Render thread/INFO]: [me.vierdant.playeremotes.PlayeremotesClient:onClientTick:60]: attmpt opened menu
[21:02:00] [Render thread/INFO]: [me.vierdant.playeremotes.PlayeremotesClient:onClientTick:60]: attmpt opened menu
[21:02:00] [Render thread/INFO]: [me.vierdant.playeremotes.PlayeremotesClient:onClientTick:60]: attmpt opened menu
[21:02:00] [Render thread/INFO]: [me.vierdant.playeremotes.PlayeremotesClient:onClientTick:60]: attmpt opened menu
[21:02:00] [Render thread/INFO]: [me.vierdant.playeremotes.PlayeremotesClient:onClientTick:60]: attmpt opened menu
[21:02:00] [Render thread/INFO]: [me.vierdant.playeremotes.PlayeremotesClient:onClientTick:60]: attmpt opened menu
[21:02:01] [Render thread/INFO]: [me.vierdant.playeremotes.PlayeremotesClient:onClientTick:60]: attmpt opened menu
[21:02:01] [Render thread/INFO]: [me.vierdant.playeremotes.PlayeremotesClient:onClientTick:60]: attmpt opened menu
[21:02:01] [Render thread/INFO]: [me.vierdant.playeremotes.PlayeremotesClient:onClientTick:60]: attmpt opened menu
[21:02:01] [Render thread/INFO]: [me.vierdant.playeremotes.PlayeremotesClient:onClientTick:60]: attmpt opened menu
[21:02:01] [Render thread/INFO]: [me.vierdant.playeremotes.PlayeremotesClient:onClientTick:60]: attmpt opened menu
[21:02:01] [Render thread/INFO]: [me.vierdant.playeremotes.PlayeremotesClient:onClientTick:60]: attmpt opened menu
[21:02:01] [Render thread/INFO]: [me.vierdant.playeremotes.PlayeremotesClient:onClientTick:60]: attmpt opened menu
[21:02:01] [Render thread/INFO]: [me.vierdant.playeremotes.PlayeremotesClient:onClientTick:60]: attmpt opened menu
[21:02:01] [Render thread/INFO]: [me.vierdant.playeremotes.PlayeremotesClient:onClientTick:60]: attmpt opened menu
[21:02:01] [Render thread/INFO]: [me.vierdant.playeremotes.PlayeremotesClient:onClientTick:60]: attmpt opened menu
[21:02:01] [Render thread/INFO]: [me.vierdant.playeremotes.PlayeremotesClient:onClientTick:60]: attmpt opened menu
[21:02:01] [Render thread/INFO]: [me.vierdant.playeremotes.PlayeremotesClient:onClientTick:60]: attmpt opened menu
[21:02:01] [Render thread/INFO]: [me.vierdant.playeremotes.PlayeremotesClient:onClientTick:60]: attmpt opened menu
[21:02:01] [Render thread/INFO]: [me.vierdant.playeremotes.PlayeremotesClient:onClientTick:60]: attmpt opened menu
[21:02:01] [Render thread/INFO]: [me.vierdant.playeremotes.PlayeremotesClient:onClientTick:60]: attmpt opened menu
[21:02:01] [Render thread/INFO]: [me.vierdant.playeremotes.PlayeremotesClient:onClientTick:60]: attmpt opened menu
[21:02:01] [Render thread/INFO]: [me.vierdant.playeremotes.PlayeremotesClient:onClientTick:60]: attmpt opened menu
[21:02:01] [Render thread/INFO]: [me.vierdant.playeremotes.PlayeremotesClient:onClientTick:60]: attmpt opened menu
[21:02:01] [Render thread/INFO]: [me.vierdant.playeremotes.PlayeremotesClient:onClientTick:60]: attmpt opened menu
[21:02:01] [Render thread/INFO]: [me.vierdant.playeremotes.PlayeremotesClient:onClientTick:60]: attmpt opened menu
[21:02:02] [Render thread/INFO]: [me.vierdant.playeremotes.PlayeremotesClient:onClientTick:60]: attmpt opened menu
[21:02:02] [Render thread/INFO]: [me.vierdant.playeremotes.PlayeremotesClient:onClientTick:60]: attmpt opened menu
[21:02:02] [Render thread/INFO]: [me.vierdant.playeremotes.PlayeremotesClient:onClientTick:60]: attmpt opened menu
[21:02:02] [Render thread/INFO]: [me.vierdant.playeremotes.PlayeremotesClient:onClientTick:60]: attmpt opened menu
[21:02:02] [Render thread/INFO]: [me.vierdant.playeremotes.PlayeremotesClient:onClientTick:60]: attmpt opened menu
[21:02:02] [Render thread/INFO]: [me.vierdant.playeremotes.PlayeremotesClient:onClientTick:60]: attmpt opened menu
[21:02:02] [Render thread/INFO]: [me.vierdant.playeremotes.PlayeremotesClient:onClientTick:60]: attmpt opened menu
[21:02:02] [Render thread/INFO]: [me.vierdant.playeremotes.PlayeremotesClient:onClientTick:60]: attmpt opened menu
[21:02:02] [Render thread/INFO]: [me.vierdant.playeremotes.PlayeremotesClient:onClientTick:60]: attmpt opened menu
[21:02:02] [Render thread/INFO]: [me.vierdant.playeremotes.PlayeremotesClient:onClientTick:60]: attmpt opened menu
[21:02:02] [Render thread/INFO]: [me.vierdant.playeremotes.PlayeremotesClient:onClientTick:60]: attmpt opened menu
[21:02:02] [Render thread/INFO]: [me.vierdant.playeremotes.PlayeremotesClient:onClientTick:60]: attmpt opened menu
[21:02:02] [Render thread/INFO]: [me.vierdant.playeremotes.PlayeremotesClient:onClientTick:60]: attmpt opened menu
[21:02:02] [Render thread/INFO]: [me.vierdant.playeremotes.PlayeremotesClient:onClientTick:60]: attmpt opened menu
[21:02:02] [Render thread/INFO]: [me.vierdant.playeremotes.PlayeremotesClient:onClientTick:60]: attmpt opened menu
[21:02:02] [Render thread/INFO]: [me.vierdant.playeremotes.PlayeremotesClient:onClientTick:60]: attmpt opened menu
[21:02:02] [Render thread/INFO]: [me.vierdant.playeremotes.PlayeremotesClient:onClientTick:60]: attmpt opened menu
[21:02:02] [Render thread/INFO]: [me.vierdant.playeremotes.PlayeremotesClient:onClientTick:60]: attmpt opened menu
[21:02:02] [Render thread/INFO]: [me.vierdant.playeremotes.PlayeremotesClient:onClientTick:60]: attmpt opened menu
[21:02:02] [Render thread/INFO]: [me.vierdant.playeremotes.PlayeremotesClient:onClientTick:60]: attmpt opened menu
[21:02:03] [Render thread/INFO]: [me.vierdant.playeremotes.PlayeremotesClient:onClientTick:60]: attmpt opened menu
[21:02:03] [Render thread/INFO]: [me.vierdant.playeremotes.PlayeremotesClient:onClientTick:60]: attmpt opened menu
[21:02:03] [Render thread/INFO]: [me.vierdant.playeremotes.PlayeremotesClient:onClientTick:60]: attmpt opened menu
[21:02:03] [Render thread/INFO]: [me.vierdant.playeremotes.PlayeremotesClient:onClientTick:60]: attmpt opened menu
[21:02:03] [Render thread/INFO]: [me.vierdant.playeremotes.PlayeremotesClient:onClientTick:60]: attmpt opened menu
[21:02:03] [Render thread/INFO]: [me.vierdant.playeremotes.PlayeremotesClient:onClientTick:60]: attmpt opened menu
[21:02:03] [Render thread/INFO]: [me.vierdant.playeremotes.PlayeremotesClient:onClientTick:60]: attmpt opened menu
[21:02:03] [Render thread/INFO]: [me.vierdant.playeremotes.PlayeremotesClient:onClientTick:60]: attmpt opened menu
[21:02:03] [Render thread/INFO]: [me.vierdant.playeremotes.PlayeremotesClient:onClientTick:60]: attmpt opened menu
[21:02:03] [Render thread/INFO]: [me.vierdant.playeremotes.PlayeremotesClient:onClientTick:60]: attmpt opened menu
[21:02:03] [Render thread/INFO]: [me.vierdant.playeremotes.PlayeremotesClient:onClientTick:60]: attmpt opened menu
[21:02:03] [Render thread/INFO]: [me.vierdant.playeremotes.PlayeremotesClient:onClientTick:60]: attmpt opened menu
[21:02:03] [Render thread/INFO]: [me.vierdant.playeremotes.PlayeremotesClient:onClientTick:60]: attmpt opened menu
[21:02:03] [Render thread/INFO]: [me.vierdant.playeremotes.PlayeremotesClient:onClientTick:60]: attmpt opened menu
[21:02:03] [Render thread/INFO]: [me.vierdant.playeremotes.PlayeremotesClient:onClientTick:60]: attmpt opened menu
[21:02:03] [Render thread/INFO]: [me.vierdant.playeremotes.PlayeremotesClient:onClientTick:60]: attmpt opened menu
[21:02:03] [Render thread/INFO]: [me.vierdant.playeremotes.PlayeremotesClient:onClientTick:60]: attmpt opened menu
[21:02:03] [Render thread/INFO]: [me.vierdant.playeremotes.PlayeremotesClient:onClientTick:60]: attmpt opened menu
[21:02:03] [Render thread/INFO]: [me.vierdant.playeremotes.PlayeremotesClient:onClientTick:60]: attmpt opened menu
[21:02:03] [Render thread/INFO]: [me.vierdant.playeremotes.PlayeremotesClient:onClientTick:60]: attmpt opened menu
[21:02:04] [Render thread/INFO]: [me.vierdant.playeremotes.PlayeremotesClient:onClientTick:60]: attmpt opened menu
[21:02:04] [Render thread/INFO]: [me.vierdant.playeremotes.PlayeremotesClient:onClientTick:60]: attmpt opened menu
[21:02:04] [Render thread/INFO]: [me.vierdant.playeremotes.PlayeremotesClient:onClientTick:60]: attmpt opened menu
[21:02:04] [Render thread/INFO]: [me.vierdant.playeremotes.PlayeremotesClient:onClientTick:60]: attmpt opened menu
[21:02:04] [Render thread/INFO]: [me.vierdant.playeremotes.PlayeremotesClient:onClientTick:60]: attmpt opened menu
[21:02:04] [Render thread/INFO]: [me.vierdant.playeremotes.PlayeremotesClient:onClientTick:60]: attmpt opened menu
[21:02:04] [Render thread/INFO]: [me.vierdant.playeremotes.PlayeremotesClient:onClientTick:60]: attmpt opened menu
[21:02:04] [Render thread/INFO]: [me.vierdant.playeremotes.PlayeremotesClient:onClientTick:60]: attmpt opened menu
[21:02:04] [Render thread/INFO]: [me.vierdant.playeremotes.PlayeremotesClient:onClientTick:60]: attmpt opened menu
[21:02:04] [Render thread/INFO]: [me.vierdant.playeremotes.PlayeremotesClient:onClientTick:60]: attmpt opened menu
[21:02:04] [Render thread/INFO]: [me.vierdant.playeremotes.PlayeremotesClient:onClientTick:60]: attmpt opened menu
[21:02:04] [Render thread/INFO]: [me.vierdant.playeremotes.PlayeremotesClient:onClientTick:60]: attmpt opened menu
[21:02:04] [Render thread/INFO]: [me.vierdant.playeremotes.PlayeremotesClient:onClientTick:60]: attmpt opened menu
[21:02:04] [Render thread/INFO]: [me.vierdant.playeremotes.PlayeremotesClient:onClientTick:60]: attmpt opened menu
[21:02:04] [Render thread/INFO]: [me.vierdant.playeremotes.PlayeremotesClient:onClientTick:60]: attmpt opened menu
[21:02:04] [Render thread/INFO]: [me.vierdant.playeremotes.PlayeremotesClient:onClientTick:60]: attmpt opened menu
[21:02:04] [Render thread/INFO]: [me.vierdant.playeremotes.PlayeremotesClient:onClientTick:60]: attmpt opened menu
[21:02:04] [Render thread/INFO]: [me.vierdant.playeremotes.PlayeremotesClient:onClientTick:60]: attmpt opened menu
[21:02:04] [Render thread/INFO]: [me.vierdant.playeremotes.PlayeremotesClient:onClientTick:60]: attmpt opened menu
[21:02:04] [Render thread/INFO]: [me.vierdant.playeremotes.PlayeremotesClient:onClientTick:60]: attmpt opened menu
[21:02:05] [Render thread/INFO]: [me.vierdant.playeremotes.PlayeremotesClient:onClientTick:60]: attmpt opened menu
[21:02:05] [Render thread/INFO]: [me.vierdant.playeremotes.PlayeremotesClient:onClientTick:60]: attmpt opened menu
[21:02:05] [Render thread/INFO]: [me.vierdant.playeremotes.PlayeremotesClient:onClientTick:60]: attmpt opened menu
[21:02:05] [Render thread/INFO]: [me.vierdant.playeremotes.PlayeremotesClient:onClientTick:60]: attmpt opened menu
[21:02:05] [Render thread/INFO]: [me.vierdant.playeremotes.PlayeremotesClient:onClientTick:60]: attmpt opened menu
[21:02:05] [Render thread/INFO]: [me.vierdant.playeremotes.PlayeremotesClient:onClientTick:60]: attmpt opened menu
[21:02:05] [Render thread/INFO]: [me.vierdant.playeremotes.PlayeremotesClient:onClientTick:60]: attmpt opened menu
[21:02:05] [Render thread/INFO]: [me.vierdant.playeremotes.PlayeremotesClient:onClientTick:60]: attmpt opened menu
[21:02:05] [Render thread/INFO]: [me.vierdant.playeremotes.PlayeremotesClient:onClientTick:60]: attmpt opened menu
[21:02:05] [Render thread/INFO]: [me.vierdant.playeremotes.PlayeremotesClient:onClientTick:60]: attmpt opened menu
[21:02:05] [Render thread/INFO]: [me.vierdant.playeremotes.PlayeremotesClient:onClientTick:60]: attmpt opened menu
[21:02:05] [Render thread/INFO]: [me.vierdant.playeremotes.PlayeremotesClient:onClientTick:60]: attmpt opened menu
[21:02:05] [Render thread/INFO]: [me.vierdant.playeremotes.PlayeremotesClient:onClientTick:60]: attmpt opened menu
[21:02:05] [Render thread/INFO]: [me.vierdant.playeremotes.PlayeremotesClient:onClientTick:60]: attmpt opened menu
[21:02:05] [Render thread/INFO]: [me.vierdant.playeremotes.PlayeremotesClient:onClientTick:60]: attmpt opened menu
[21:02:05] [Render thread/INFO]: [me.vierdant.playeremotes.PlayeremotesClient:onClientTick:60]: attmpt opened menu
[21:02:05] [Render thread/INFO]: [me.vierdant.playeremotes.PlayeremotesClient:onClientTick:60]: attmpt opened menu
[21:02:05] [Render thread/INFO]: [me.vierdant.playeremotes.PlayeremotesClient:onClientTick:60]: attmpt opened menu
[21:02:05] [Render thread/INFO]: [me.vierdant.playeremotes.PlayeremotesClient:onClientTick:60]: attmpt opened menu
[21:02:05] [Render thread/INFO]: [me.vierdant.playeremotes.PlayeremotesClient:onClientTick:60]: attmpt opened menu
[21:02:06] [Render thread/INFO]: [me.vierdant.playeremotes.PlayeremotesClient:onClientTick:60]: attmpt opened menu
[21:02:06] [Render thread/INFO]: [me.vierdant.playeremotes.PlayeremotesClient:onClientTick:60]: attmpt opened menu
[21:02:06] [Render thread/INFO]: [me.vierdant.playeremotes.PlayeremotesClient:onClientTick:60]: attmpt opened menu
[21:02:06] [Render thread/INFO]: [me.vierdant.playeremotes.PlayeremotesClient:onClientTick:60]: attmpt opened menu
[21:02:06] [Render thread/INFO]: [me.vierdant.playeremotes.PlayeremotesClient:onClientTick:60]: attmpt opened menu
[21:02:06] [Render thread/INFO]: [me.vierdant.playeremotes.PlayeremotesClient:onClientTick:60]: attmpt opened menu
[21:02:06] [Render thread/INFO]: [me.vierdant.playeremotes.PlayeremotesClient:onClientTick:60]: attmpt opened menu
[21:02:06] [Render thread/INFO]: [me.vierdant.playeremotes.PlayeremotesClient:onClientTick:60]: attmpt opened menu
[21:02:06] [Render thread/INFO]: [me.vierdant.playeremotes.PlayeremotesClient:onClientTick:60]: attmpt opened menu
[21:02:06] [Render thread/INFO]: [me.vierdant.playeremotes.PlayeremotesClient:onClientTick:60]: attmpt opened menu
[21:02:06] [Render thread/INFO]: Creating pipeline for dimension NamespacedId{namespace='minecraft', name='overworld'}
[21:02:06] [Render thread/INFO]: Starting custom uniform resolving
[21:02:07] [Render thread/WARN]: [Patcher] gl_FragColor is not supported yet, please use gl_FragData! Assuming that the shaderpack author intended to use gl_FragData[0]...
[21:02:08] [Render thread/WARN]: Mod(s) [oculus] are modifying Embeddium class me.jellysquid.mods.sodium.client.gl.device.GLRenderDevice$ImmediateDrawCommandList, which may cause instability.
[21:02:08] [Render thread/INFO]: [me.vierdant.playeremotes.PlayeremotesClient:onClientTick:60]: attmpt opened menu
[21:02:08] [Render thread/INFO]: [me.vierdant.playeremotes.PlayeremotesClient:onClientTick:60]: attmpt opened menu
[21:02:08] [Render thread/INFO]: [me.vierdant.playeremotes.PlayeremotesClient:onClientTick:60]: attmpt opened menu
[21:02:08] [Render thread/INFO]: [me.vierdant.playeremotes.PlayeremotesClient:onClientTick:60]: attmpt opened menu
[21:02:08] [Render thread/INFO]: [me.vierdant.playeremotes.PlayeremotesClient:onClientTick:60]: attmpt opened menu
[21:02:08] [Render thread/INFO]: [me.vierdant.playeremotes.PlayeremotesClient:onClientTick:60]: attmpt opened menu
[21:02:08] [Render thread/INFO]: [me.vierdant.playeremotes.PlayeremotesClient:onClientTick:60]: attmpt opened menu
[21:02:08] [Render thread/INFO]: [me.vierdant.playeremotes.PlayeremotesClient:onClientTick:60]: attmpt opened menu
[21:02:08] [Render thread/INFO]: [me.vierdant.playeremotes.PlayeremotesClient:onClientTick:60]: attmpt opened menu
[21:02:08] [Render thread/INFO]: [me.vierdant.playeremotes.PlayeremotesClient:onClientTick:60]: attmpt opened menu
[21:02:08] [Render thread/WARN]: Mod(s) [oculus] are modifying Embeddium class me.jellysquid.mods.sodium.client.render.vertex.serializers.VertexSerializerRegistryImpl, which may cause instability.
[21:02:08] [Render thread/INFO]: [me.vierdant.playeremotes.PlayeremotesClient:onClientTick:60]: attmpt opened menu
[21:02:08] [Render thread/INFO]: [me.vierdant.playeremotes.PlayeremotesClient:onClientTick:60]: attmpt opened menu
[21:02:08] [Render thread/INFO]: [me.vierdant.playeremotes.PlayeremotesClient:onClientTick:60]: attmpt opened menu
[21:02:08] [Render thread/INFO]: [me.vierdant.playeremotes.PlayeremotesClient:onClientTick:60]: attmpt opened menu
[21:02:08] [Render thread/INFO]: [me.vierdant.playeremotes.PlayeremotesClient:onClientTick:60]: attmpt opened menu
[21:02:08] [Render thread/INFO]: [me.vierdant.playeremotes.PlayeremotesClient:onClientTick:60]: attmpt opened menu
[21:02:08] [Render thread/INFO]: [me.vierdant.playeremotes.PlayeremotesClient:onClientTick:60]: attmpt opened menu
[21:02:08] [Render thread/INFO]: [me.vierdant.playeremotes.PlayeremotesClient:onClientTick:60]: attmpt opened menu
[21:02:08] [Render thread/INFO]: [me.vierdant.playeremotes.PlayeremotesClient:onClientTick:60]: attmpt opened menu
[21:02:08] [Render thread/INFO]: [me.vierdant.playeremotes.PlayeremotesClient:onClientTick:60]: attmpt opened menu
[21:02:08] [Render thread/INFO]: [me.vierdant.playeremotes.PlayeremotesClient:onClientTick:60]: attmpt opened menu
[21:02:08] [Render thread/INFO]: [me.vierdant.playeremotes.PlayeremotesClient:onClientTick:60]: attmpt opened menu
[21:02:08] [Render thread/INFO]: [me.vierdant.playeremotes.PlayeremotesClient:onClientTick:60]: attmpt opened menu
[21:02:08] [Render thread/INFO]: [me.vierdant.playeremotes.PlayeremotesClient:onClientTick:60]: attmpt opened menu
[21:02:08] [Render thread/INFO]: [me.vierdant.playeremotes.PlayeremotesClient:onClientTick:60]: attmpt opened menu
[21:02:08] [Render thread/INFO]: [me.vierdant.playeremotes.PlayeremotesClient:onClientTick:60]: attmpt opened menu
[21:02:08] [Render thread/INFO]: [me.vierdant.playeremotes.PlayeremotesClient:onClientTick:60]: attmpt opened menu
[21:02:08] [Render thread/INFO]: [me.vierdant.playeremotes.PlayeremotesClient:onClientTick:60]: attmpt opened menu
[21:02:08] [Render thread/INFO]: [me.vierdant.playeremotes.PlayeremotesClient:onClientTick:60]: attmpt opened menu
[21:02:09] [Render thread/INFO]: [me.vierdant.playeremotes.PlayeremotesClient:onClientTick:60]: attmpt opened menu
[21:02:09] [Render thread/INFO]: [me.vierdant.playeremotes.PlayeremotesClient:onClientTick:60]: attmpt opened menu
[21:02:09] [Render thread/INFO]: [me.vierdant.playeremotes.PlayeremotesClient:onClientTick:60]: attmpt opened menu
[21:02:09] [Render thread/INFO]: [me.vierdant.playeremotes.PlayeremotesClient:onClientTick:60]: attmpt opened menu
[21:02:09] [Render thread/INFO]: [me.vierdant.playeremotes.PlayeremotesClient:onClientTick:60]: attmpt opened menu
[21:02:09] [Render thread/INFO]: [me.vierdant.playeremotes.PlayeremotesClient:onClientTick:60]: attmpt opened menu
[21:02:09] [Render thread/INFO]: [me.vierdant.playeremotes.PlayeremotesClient:onClientTick:60]: attmpt opened menu
[21:02:09] [Render thread/INFO]: [me.vierdant.playeremotes.PlayeremotesClient:onClientTick:60]: attmpt opened menu
[21:02:09] [Render thread/INFO]: [me.vierdant.playeremotes.PlayeremotesClient:onClientTick:60]: attmpt opened menu
[21:02:09] [Render thread/INFO]: [me.vierdant.playeremotes.PlayeremotesClient:onClientTick:60]: attmpt opened menu
[21:02:09] [Render thread/INFO]: [me.vierdant.playeremotes.PlayeremotesClient:onClientTick:60]: attmpt opened menu
[21:02:09] [Render thread/INFO]: [me.vierdant.playeremotes.PlayeremotesClient:onClientTick:60]: attmpt opened menu
[21:02:09] [Render thread/INFO]: [me.vierdant.playeremotes.PlayeremotesClient:onClientTick:60]: attmpt opened menu
[21:02:09] [Render thread/INFO]: [me.vierdant.playeremotes.PlayeremotesClient:onClientTick:60]: attmpt opened menu
[21:02:09] [Render thread/INFO]: [me.vierdant.playeremotes.PlayeremotesClient:onClientTick:60]: attmpt opened menu
[21:02:09] [Render thread/INFO]: [me.vierdant.playeremotes.PlayeremotesClient:onClientTick:60]: attmpt opened menu
[21:02:09] [Render thread/INFO]: [me.vierdant.playeremotes.PlayeremotesClient:onClientTick:60]: attmpt opened menu
[21:02:09] [Render thread/INFO]: [me.vierdant.playeremotes.PlayeremotesClient:onClientTick:60]: attmpt opened menu
[21:02:09] [Render thread/INFO]: [me.vierdant.playeremotes.PlayeremotesClient:onClientTick:60]: attmpt opened menu
[21:02:09] [Render thread/INFO]: [me.vierdant.playeremotes.PlayeremotesClient:onClientTick:60]: attmpt opened menu
[21:02:10] [Render thread/INFO]: [me.vierdant.playeremotes.PlayeremotesClient:onClientTick:60]: attmpt opened menu
[21:02:10] [Render thread/INFO]: [me.vierdant.playeremotes.PlayeremotesClient:onClientTick:60]: attmpt opened menu
[21:02:10] [Render thread/INFO]: [me.vierdant.playeremotes.PlayeremotesClient:onClientTick:60]: attmpt opened menu
[21:02:10] [Render thread/INFO]: [me.vierdant.playeremotes.PlayeremotesClient:onClientTick:60]: attmpt opened menu
[21:02:10] [Render thread/INFO]: [me.vierdant.playeremotes.PlayeremotesClient:onClientTick:60]: attmpt opened menu
[21:02:10] [Render thread/INFO]: [me.vierdant.playeremotes.PlayeremotesClient:onClientTick:60]: attmpt opened menu
[21:02:10] [Render thread/INFO]: [me.vierdant.playeremotes.PlayeremotesClient:onClientTick:60]: attmpt opened menu
[21:02:10] [Render thread/INFO]: [me.vierdant.playeremotes.PlayeremotesClient:onClientTick:60]: attmpt opened menu
[21:02:10] [Render thread/INFO]: [me.vierdant.playeremotes.PlayeremotesClient:onClientTick:60]: attmpt opened menu
[21:02:10] [Render thread/INFO]: [me.vierdant.playeremotes.PlayeremotesClient:onClientTick:60]: attmpt opened menu
[21:02:10] [Render thread/INFO]: [me.vierdant.playeremotes.PlayeremotesClient:onClientTick:60]: attmpt opened menu
[21:02:10] [Render thread/INFO]: [me.vierdant.playeremotes.PlayeremotesClient:onClientTick:60]: attmpt opened menu
[21:02:10] [Render thread/INFO]: [me.vierdant.playeremotes.PlayeremotesClient:onClientTick:60]: attmpt opened menu
[21:02:10] [Render thread/INFO]: [me.vierdant.playeremotes.PlayeremotesClient:onClientTick:60]: attmpt opened menu
[21:02:10] [Render thread/INFO]: [me.vierdant.playeremotes.PlayeremotesClient:onClientTick:60]: attmpt opened menu
[21:02:10] [Render thread/INFO]: [me.vierdant.playeremotes.PlayeremotesClient:onClientTick:60]: attmpt opened menu
[21:02:10] [Render thread/INFO]: [me.vierdant.playeremotes.PlayeremotesClient:onClientTick:60]: attmpt opened menu
[21:02:10] [Render thread/INFO]: [me.vierdant.playeremotes.PlayeremotesClient:onClientTick:60]: attmpt opened menu
[21:02:10] [Render thread/INFO]: [me.vierdant.playeremotes.PlayeremotesClient:onClientTick:60]: attmpt opened menu
[21:02:10] [Render thread/INFO]: [me.vierdant.playeremotes.PlayeremotesClient:onClientTick:60]: attmpt opened menu
[21:02:11] [Render thread/INFO]: [me.vierdant.playeremotes.PlayeremotesClient:onClientTick:60]: attmpt opened menu
[21:02:11] [Render thread/INFO]: [me.vierdant.playeremotes.PlayeremotesClient:onClientTick:60]: attmpt opened menu
[21:02:11] [Render thread/INFO]: [me.vierdant.playeremotes.PlayeremotesClient:onClientTick:60]: attmpt opened menu
[21:02:11] [Render thread/INFO]: [me.vierdant.playeremotes.PlayeremotesClient:onClientTick:60]: attmpt opened menu
[21:02:11] [Render thread/INFO]: [me.vierdant.playeremotes.PlayeremotesClient:onClientTick:60]: attmpt opened menu
[21:02:11] [Render thread/INFO]: [me.vierdant.playeremotes.PlayeremotesClient:onClientTick:60]: attmpt opened menu
[21:02:11] [Render thread/INFO]: [me.vierdant.playeremotes.PlayeremotesClient:onClientTick:60]: attmpt opened menu
[21:02:11] [Render thread/INFO]: [me.vierdant.playeremotes.PlayeremotesClient:onClientTick:60]: attmpt opened menu
[21:02:11] [Render thread/INFO]: [me.vierdant.playeremotes.PlayeremotesClient:onClientTick:60]: attmpt opened menu
[21:02:11] [Render thread/INFO]: [me.vierdant.playeremotes.PlayeremotesClient:onClientTick:60]: attmpt opened menu
[21:02:11] [Render thread/INFO]: [me.vierdant.playeremotes.PlayeremotesClient:onClientTick:60]: attmpt opened menu
[21:02:11] [Render thread/INFO]: [me.vierdant.playeremotes.PlayeremotesClient:onClientTick:60]: attmpt opened menu
[21:02:11] [Render thread/INFO]: [me.vierdant.playeremotes.PlayeremotesClient:onClientTick:60]: attmpt opened menu
[21:02:11] [Render thread/INFO]: [me.vierdant.playeremotes.PlayeremotesClient:onClientTick:60]: attmpt opened menu
[21:02:11] [Render thread/INFO]: [me.vierdant.playeremotes.PlayeremotesClient:onClientTick:60]: attmpt opened menu
[21:02:11] [Render thread/INFO]: [me.vierdant.playeremotes.PlayeremotesClient:onClientTick:60]: attmpt opened menu
[21:02:11] [Render thread/INFO]: [me.vierdant.playeremotes.PlayeremotesClient:onClientTick:60]: attmpt opened menu
[21:02:11] [Render thread/INFO]: [me.vierdant.playeremotes.PlayeremotesClient:onClientTick:60]: attmpt opened menu
[21:02:11] [Render thread/INFO]: [me.vierdant.playeremotes.PlayeremotesClient:onClientTick:60]: attmpt opened menu
[21:02:11] [Render thread/INFO]: [me.vierdant.playeremotes.PlayeremotesClient:onClientTick:60]: attmpt opened menu
[21:02:12] [Render thread/INFO]: [me.vierdant.playeremotes.PlayeremotesClient:onClientTick:60]: attmpt opened menu
[21:02:12] [Render thread/INFO]: [me.vierdant.playeremotes.PlayeremotesClient:onClientTick:60]: attmpt opened menu
[21:02:12] [Render thread/INFO]: [me.vierdant.playeremotes.PlayeremotesClient:onClientTick:60]: attmpt opened menu
[21:02:12] [Render thread/INFO]: [me.vierdant.playeremotes.PlayeremotesClient:onClientTick:60]: attmpt opened menu
[21:02:12] [Render thread/INFO]: [me.vierdant.playeremotes.PlayeremotesClient:onClientTick:60]: attmpt opened menu
[21:02:12] [Render thread/INFO]: [me.vierdant.playeremotes.PlayeremotesClient:onClientTick:60]: attmpt opened menu
[21:02:12] [Render thread/INFO]: Stopping!
